{
    "boaw_tf_kmeansPlus_accuracy": 0.21321428571428572,
    "boaw_tfIdf_kmeansPlus_accuracy": 0.024285714285714285,
    "boaw_tfIdfIcf_kmeansPlus_accuracy": 0.1392857142857143,
    "bon_tf_kmeansPlus_accuracy": 0.015,
    "bon_tfIdf_kmeansPlus_accuracy": 0.1175,
    "bon_tfIdfIcf_kmeansPlus_accuracy": 0.20785714285714285,
    "bona_tf_kmeansPlus_accuracy": 0.1425,
    "bona_tfIdf_kmeansPlus_accuracy": 0.035,
    "bona_tfIdfIcf_kmeansPlus_accuracy": 0.1425,
    "boaw_sfs_tf_kmeansPlus_accuracy": 0.1075,
    "boaw_sfs_tfIdf_kmeansPlus_accuracy": 0.12785714285714286,
    "boaw_sfs_tfIdfIcf_kmeansPlus_accuracy": 0.1442857142857143,
    "bon_sfs_tf_kmeansPlus_accuracy": 0.06678571428571428,
    "bon_sfs_tfIdf_kmeansPlus_accuracy": 0.07535714285714286,
    "bon_sfs_tfIdfIcf_kmeansPlus_accuracy": 0.1175,
    "bona_sfs_tf_kmeansPlus_accuracy": 0.13214285714285715,
    "bona_sfs_tfIdf_kmeansPlus_accuracy": 0.1175,
    "bona_sfs_tfIdfIcf_kmeansPlus_accuracy": 0.14142857142857143,
    "boaw_tfrf_tf_kmeansPlus_accuracy": 0.04535714285714286,
    "boaw_tfrf_tfIdf_kmeansPlus_accuracy": 0.25892857142857145,
    "boaw_tfrf_tfIdfIcf_kmeansPlus_accuracy": 0.13857142857142857,
    "bon_tfrf_tf_kmeansPlus_accuracy": 0.08821428571428572,
    "bon_tfrf_tfIdf_kmeansPlus_accuracy": 0.07428571428571429,
    "bon_tfrf_tfIdfIcf_kmeansPlus_accuracy": 0.1,
    "bona_tfrf_tf_kmeansPlus_accuracy": 0.07464285714285715,
    "bona_tfrf_tfIdf_kmeansPlus_accuracy": 0.07607142857142857,
    "bona_tfrf_tfIdfIcf_kmeansPlus_accuracy": 0.14214285714285715,
    "boaw_sr_tf_kmeansPlus_accuracy": 0.13464285714285715,
    "boaw_sr_tfIdf_kmeansPlus_accuracy": 0.048214285714285716,
    "boaw_sr_tfIdfIcf_kmeansPlus_accuracy": 0.13107142857142856,
    "bon_sr_tf_kmeansPlus_accuracy": 0.145,
    "bon_sr_tfIdf_kmeansPlus_accuracy": 0.07464285714285715,
    "bon_sr_tfIdfIcf_kmeansPlus_accuracy": 0.13964285714285715,
    "bona_sr_tf_kmeansPlus_accuracy": 0.155,
    "bona_sr_tfIdf_kmeansPlus_accuracy": 0.0425,
    "bona_sr_tfIdfIcf_kmeansPlus_accuracy": 0.12821428571428573,
    "boaw_tf_spherKmeans_accuracy": 0.23714285714285716,
    "boaw_tfIdf_spherKmeans_accuracy": 0.24535714285714286,
    "boaw_tfIdfIcf_spherKmeans_accuracy": 0.5014285714285714,
    "bon_tf_spherKmeans_accuracy": 0.039285714285714285,
    "bon_tfIdf_spherKmeans_accuracy": 0.24607142857142858,
    "bon_tfIdfIcf_spherKmeans_accuracy": 0.1457142857142857,
    "bona_tf_spherKmeans_accuracy": 0.28285714285714286,
    "bona_tfIdf_spherKmeans_accuracy": 0.25392857142857145,
    "bona_tfIdfIcf_spherKmeans_accuracy": 0.2517857142857143,
    "boaw_sfs_tf_spherKmeans_accuracy": 0.23642857142857143,
    "boaw_sfs_tfIdf_spherKmeans_accuracy": 0.2739285714285714,
    "boaw_sfs_tfIdfIcf_spherKmeans_accuracy": 0.025,
    "bon_sfs_tf_spherKmeans_accuracy": 0.06285714285714286,
    "bon_sfs_tfIdf_spherKmeans_accuracy": 0.14357142857142857,
    "bon_sfs_tfIdfIcf_spherKmeans_accuracy": 0.23464285714285715,
    "bona_sfs_tf_spherKmeans_accuracy": 0.12142857142857143,
    "bona_sfs_tfIdf_spherKmeans_accuracy": 0.2857142857142857,
    "bona_sfs_tfIdfIcf_spherKmeans_accuracy": 0.11107142857142857,
    "boaw_tfrf_tf_spherKmeans_accuracy": 0.0325,
    "boaw_tfrf_tfIdf_spherKmeans_accuracy": 0.02107142857142857,
    "boaw_tfrf_tfIdfIcf_spherKmeans_accuracy": 0.11571428571428571,
    "bon_tfrf_tf_spherKmeans_accuracy": 0.11535714285714285,
    "bon_tfrf_tfIdf_spherKmeans_accuracy": 0.13357142857142856,
    "bon_tfrf_tfIdfIcf_spherKmeans_accuracy": 0.025,
    "bona_tfrf_tf_spherKmeans_accuracy": 0.08142857142857143,
    "bona_tfrf_tfIdf_spherKmeans_accuracy": 0.11678571428571428,
    "bona_tfrf_tfIdfIcf_spherKmeans_accuracy": 0.14857142857142858,
    "boaw_sr_tf_spherKmeans_accuracy": 0.2517857142857143,
    "boaw_sr_tfIdf_spherKmeans_accuracy": 0.2757142857142857,
    "boaw_sr_tfIdfIcf_spherKmeans_accuracy": 0.29464285714285715,
    "bon_sr_tf_spherKmeans_accuracy": 0.10071428571428571,
    "bon_sr_tfIdf_spherKmeans_accuracy": 0.1732142857142857,
    "bon_sr_tfIdfIcf_spherKmeans_accuracy": 0.03357142857142857,
    "bona_sr_tf_spherKmeans_accuracy": 0.20464285714285715,
    "bona_sr_tfIdf_spherKmeans_accuracy": 0.3925,
    "bona_sr_tfIdfIcf_spherKmeans_accuracy": 0.20214285714285715
}