{
    "boaw_tf_kmeansPlus_ami": 0.3575038142438813,
    "boaw_tfIdf_kmeansPlus_ami": 0.6791767246313986,
    "boaw_tfIdfIcf_kmeansPlus_ami": 0.0050818757272638355,
    "bon_tf_kmeansPlus_ami": 0.37313023972850917,
    "bon_tfIdf_kmeansPlus_ami": 0.6790065851355531,
    "bon_tfIdfIcf_kmeansPlus_ami": 0.1371040756075974,
    "bona_tf_kmeansPlus_ami": 0.3065714295345302,
    "bona_tfIdf_kmeansPlus_ami": 0.6409642460678393,
    "bona_tfIdfIcf_kmeansPlus_ami": 0.0017948401333707058,
    "boaw_sfs_tf_kmeansPlus_ami": 0.06740365156715272,
    "boaw_sfs_tfIdf_kmeansPlus_ami": 0.4295294815656613,
    "boaw_sfs_tfIdfIcf_kmeansPlus_ami": 0.022431557690589472,
    "bon_sfs_tf_kmeansPlus_ami": 0.17653344475649668,
    "bon_sfs_tfIdf_kmeansPlus_ami": 0.4521130260209506,
    "bon_sfs_tfIdfIcf_kmeansPlus_ami": 0.04851246745408174,
    "bona_sfs_tf_kmeansPlus_ami": 0.19099199807964382,
    "bona_sfs_tfIdf_kmeansPlus_ami": 0.3885769264158468,
    "bona_sfs_tfIdfIcf_kmeansPlus_ami": 0.011944616534317878,
    "boaw_tfrf_tf_kmeansPlus_ami": 0.17254709848926797,
    "boaw_tfrf_tfIdf_kmeansPlus_ami": 0.5513378404292294,
    "boaw_tfrf_tfIdfIcf_kmeansPlus_ami": 0.00836602897675706,
    "bon_tfrf_tf_kmeansPlus_ami": 0.10725638292817653,
    "bon_tfrf_tfIdf_kmeansPlus_ami": 0.37884323821864635,
    "bon_tfrf_tfIdfIcf_kmeansPlus_ami": 0.013474939520806431,
    "bona_tfrf_tf_kmeansPlus_ami": 0.18439618872704075,
    "bona_tfrf_tfIdf_kmeansPlus_ami": 0.39336616378209865,
    "bona_tfrf_tfIdfIcf_kmeansPlus_ami": 0.00043477219588019996,
    "boaw_sr_tf_kmeansPlus_ami": 0.17131498980123547,
    "boaw_sr_tfIdf_kmeansPlus_ami": 0.48309667156836333,
    "boaw_sr_tfIdfIcf_kmeansPlus_ami": 0.12493553696585366,
    "bon_sr_tf_kmeansPlus_ami": 0.02140595013907089,
    "bon_sr_tfIdf_kmeansPlus_ami": 0.21426797092592773,
    "bon_sr_tfIdfIcf_kmeansPlus_ami": 0.014038130713842105,
    "bona_sr_tf_kmeansPlus_ami": 0.05633074198632888,
    "bona_sr_tfIdf_kmeansPlus_ami": 0.2826378624424385,
    "bona_sr_tfIdfIcf_kmeansPlus_ami": 0.08899230523705093,
    "boaw_tf_spherKmeans_ami": 0.8538124871858558,
    "boaw_tfIdf_spherKmeans_ami": 0.8683983603356648,
    "boaw_tfIdfIcf_spherKmeans_ami": 0.8648684909363731,
    "bon_tf_spherKmeans_ami": 0.8533559188311608,
    "bon_tfIdf_spherKmeans_ami": 0.8676652848947563,
    "bon_tfIdfIcf_spherKmeans_ami": 0.8583478284426206,
    "bona_tf_spherKmeans_ami": 0.8667566872140025,
    "bona_tfIdf_spherKmeans_ami": 0.8741137957185929,
    "bona_tfIdfIcf_spherKmeans_ami": 0.8640800176513119,
    "boaw_sfs_tf_spherKmeans_ami": 0.4090774792780459,
    "boaw_sfs_tfIdf_spherKmeans_ami": 0.5443295619881882,
    "boaw_sfs_tfIdfIcf_spherKmeans_ami": 0.5514873535469696,
    "bon_sfs_tf_spherKmeans_ami": 0.31880279742361833,
    "bon_sfs_tfIdf_spherKmeans_ami": 0.4834805693148528,
    "bon_sfs_tfIdfIcf_spherKmeans_ami": 0.5085225353098931,
    "bona_sfs_tf_spherKmeans_ami": 0.27834784300864623,
    "bona_sfs_tfIdf_spherKmeans_ami": 0.44586593564034765,
    "bona_sfs_tfIdfIcf_spherKmeans_ami": 0.5081495745585597,
    "boaw_tfrf_tf_spherKmeans_ami": 0.421036186727953,
    "boaw_tfrf_tfIdf_spherKmeans_ami": 0.6031665823519239,
    "boaw_tfrf_tfIdfIcf_spherKmeans_ami": 0.6126191195249594,
    "bon_tfrf_tf_spherKmeans_ami": 0.20714853807147748,
    "bon_tfrf_tfIdf_spherKmeans_ami": 0.5580642296796474,
    "bon_tfrf_tfIdfIcf_spherKmeans_ami": 0.49777184137022956,
    "bona_tfrf_tf_spherKmeans_ami": 0.21609360402468844,
    "bona_tfrf_tfIdf_spherKmeans_ami": 0.521001918232276,
    "bona_tfrf_tfIdfIcf_spherKmeans_ami": 0.5591284779756275,
    "boaw_sr_tf_spherKmeans_ami": 0.3032563637302076,
    "boaw_sr_tfIdf_spherKmeans_ami": 0.5706911366935021,
    "boaw_sr_tfIdfIcf_spherKmeans_ami": 0.5482349813079641,
    "bon_sr_tf_spherKmeans_ami": 0.17169997143607113,
    "bon_sr_tfIdf_spherKmeans_ami": 0.30222941641798323,
    "bon_sr_tfIdfIcf_spherKmeans_ami": 0.385938880546753,
    "bona_sr_tf_spherKmeans_ami": 0.15461522425974292,
    "bona_sr_tfIdf_spherKmeans_ami": 0.29066958230239026,
    "bona_sr_tfIdfIcf_spherKmeans_ami": 0.4495265733395972
}