{
    "boaw_tf_kmeansPlus_ami": 0.5493602020553221,
    "boaw_tfIdf_kmeansPlus_ami": 0.7809100226083214,
    "boaw_tfIdfIcf_kmeansPlus_ami": 0.005910533383114965,
    "bon_tf_kmeansPlus_ami": 0.6049580818011512,
    "bon_tfIdf_kmeansPlus_ami": 0.8084114828803812,
    "bon_tfIdfIcf_kmeansPlus_ami": 0.3192669374307855,
    "bona_tf_kmeansPlus_ami": 0.4088873663889353,
    "bona_tfIdf_kmeansPlus_ami": 0.8125185792542061,
    "bona_tfIdfIcf_kmeansPlus_ami": 0.002771223885161258,
    "boaw_sfs_tf_kmeansPlus_ami": 0.19580080916795067,
    "boaw_sfs_tfIdf_kmeansPlus_ami": 0.4997419785822719,
    "boaw_sfs_tfIdfIcf_kmeansPlus_ami": 0.12537358249299863,
    "bon_sfs_tf_kmeansPlus_ami": 0.263250766772914,
    "bon_sfs_tfIdf_kmeansPlus_ami": 0.40538408096764367,
    "bon_sfs_tfIdfIcf_kmeansPlus_ami": 0.07437132570404331,
    "bona_sfs_tf_kmeansPlus_ami": 0.1687302669185814,
    "bona_sfs_tfIdf_kmeansPlus_ami": 0.3491864149080503,
    "bona_sfs_tfIdfIcf_kmeansPlus_ami": 0.11215277664192391,
    "boaw_tfrf_tf_kmeansPlus_ami": 0.36337846208287855,
    "boaw_tfrf_tfIdf_kmeansPlus_ami": 0.6143965552461343,
    "boaw_tfrf_tfIdfIcf_kmeansPlus_ami": 0.047791157441359484,
    "bon_tfrf_tf_kmeansPlus_ami": 0.15874975011756928,
    "bon_tfrf_tfIdf_kmeansPlus_ami": 0.498825539559572,
    "bon_tfrf_tfIdfIcf_kmeansPlus_ami": 0.22652721241603516,
    "bona_tfrf_tf_kmeansPlus_ami": 0.19168203289684543,
    "bona_tfrf_tfIdf_kmeansPlus_ami": 0.4608796916770937,
    "bona_tfrf_tfIdfIcf_kmeansPlus_ami": 0.22448247667757137,
    "boaw_sr_tf_kmeansPlus_ami": 0.1743581505216935,
    "boaw_sr_tfIdf_kmeansPlus_ami": 0.49065039367396296,
    "boaw_sr_tfIdfIcf_kmeansPlus_ami": 0.03603464833994147,
    "bon_sr_tf_kmeansPlus_ami": 0.04294837964597816,
    "bon_sr_tfIdf_kmeansPlus_ami": 0.19477295450372417,
    "bon_sr_tfIdfIcf_kmeansPlus_ami": 0.06319596582380682,
    "bona_sr_tf_kmeansPlus_ami": 0.07699216961688218,
    "bona_sr_tfIdf_kmeansPlus_ami": 0.3344678476910031,
    "bona_sr_tfIdfIcf_kmeansPlus_ami": 0.20520245329204218,
    "boaw_tf_spherKmeans_ami": 0.8538124871858558,
    "boaw_tfIdf_spherKmeans_ami": 0.8683983603356648,
    "boaw_tfIdfIcf_spherKmeans_ami": 0.8648684909363731,
    "bon_tf_spherKmeans_ami": 0.8533559188311608,
    "bon_tfIdf_spherKmeans_ami": 0.8676652848947563,
    "bon_tfIdfIcf_spherKmeans_ami": 0.8583478284426206,
    "bona_tf_spherKmeans_ami": 0.8667566872140025,
    "bona_tfIdf_spherKmeans_ami": 0.8741137957185929,
    "bona_tfIdfIcf_spherKmeans_ami": 0.8640800176513119,
    "boaw_sfs_tf_spherKmeans_ami": 0.4090774792780459,
    "boaw_sfs_tfIdf_spherKmeans_ami": 0.5443295619881882,
    "boaw_sfs_tfIdfIcf_spherKmeans_ami": 0.5514873535469696,
    "bon_sfs_tf_spherKmeans_ami": 0.31880279742361833,
    "bon_sfs_tfIdf_spherKmeans_ami": 0.4834805693148528,
    "bon_sfs_tfIdfIcf_spherKmeans_ami": 0.5085225353098931,
    "bona_sfs_tf_spherKmeans_ami": 0.27834784300864623,
    "bona_sfs_tfIdf_spherKmeans_ami": 0.44586593564034765,
    "bona_sfs_tfIdfIcf_spherKmeans_ami": 0.5081495745585597,
    "boaw_tfrf_tf_spherKmeans_ami": 0.421036186727953,
    "boaw_tfrf_tfIdf_spherKmeans_ami": 0.6031665823519239,
    "boaw_tfrf_tfIdfIcf_spherKmeans_ami": 0.6126191195249594,
    "bon_tfrf_tf_spherKmeans_ami": 0.20714853807147748,
    "bon_tfrf_tfIdf_spherKmeans_ami": 0.5580642296796474,
    "bon_tfrf_tfIdfIcf_spherKmeans_ami": 0.49777184137022956,
    "bona_tfrf_tf_spherKmeans_ami": 0.21609360402468844,
    "bona_tfrf_tfIdf_spherKmeans_ami": 0.521001918232276,
    "bona_tfrf_tfIdfIcf_spherKmeans_ami": 0.5591284779756275,
    "boaw_sr_tf_spherKmeans_ami": 0.3032563637302076,
    "boaw_sr_tfIdf_spherKmeans_ami": 0.5706911366935021,
    "boaw_sr_tfIdfIcf_spherKmeans_ami": 0.5482349813079641,
    "bon_sr_tf_spherKmeans_ami": 0.17169997143607113,
    "bon_sr_tfIdf_spherKmeans_ami": 0.30222941641798323,
    "bon_sr_tfIdfIcf_spherKmeans_ami": 0.385938880546753,
    "bona_sr_tf_spherKmeans_ami": 0.15461522425974292,
    "bona_sr_tfIdf_spherKmeans_ami": 0.29066958230239026,
    "bona_sr_tfIdfIcf_spherKmeans_ami": 0.4495265733395972
}