{
    "boaw_sr_tf_kmeansPlus_ami": [
        0.15643290292577375,
        0.24889703480409311,
        0.2482927808864345,
        0.27196590742550797,
        0.2278843612340723,
        0.25539099047553077,
        0.22291797966553925,
        0.21410914460604896,
        0.22475002778317604
    ],
    "boaw_sr_tfIdf_kmeansPlus_ami": [
        0.2501458359180547,
        0.37224835071363216,
        0.4028958861570988,
        0.42232224924330986,
        0.4513359256203962,
        0.5118380956589728,
        0.44175564287829955,
        0.4267953508318286,
        0.5034562998455399
    ],
    "boaw_sr_tfIdfIcf_kmeansPlus_ami": [
        0.010102398394480254,
        0.010507152395146983,
        0.25686572306060096,
        0.12344567942126146,
        0.2276830581972297,
        0.2631100680381322,
        0.31839880854386104,
        0.29177668097619186,
        0.16050397329668842
    ],
    "bon_sr_tf_kmeansPlus_ami": [
        0.05707951096043451,
        0.012331399106073698,
        0.050084111839212554,
        0.05457148566470427,
        0.11711686466834662,
        0.0864457763839042,
        0.15861798159585241,
        0.12152558290921717,
        0.08307279606516425
    ],
    "bon_sr_tfIdf_kmeansPlus_ami": [
        0.16535533301321761,
        0.2344824854685357,
        0.26300282004112296,
        0.3342683336241374,
        0.19387089155988624,
        0.2699207887976603,
        0.30527678714123047,
        0.2910510173286305,
        0.25552409400233944
    ],
    "bon_sr_tfIdfIcf_kmeansPlus_ami": [
        0.02847161994758997,
        0.007968378462910812,
        0.02180974839292713,
        0.1852478280455053,
        0.2743303112625874,
        0.10532930649534235,
        0.11788788100629641,
        0.2472838625350438,
        0.21111350576541055
    ],
    "bona_sr_tf_kmeansPlus_ami": [
        0.012023161042232425,
        0.0277641530041024,
        0.02670380684762684,
        0.14849948541220076,
        0.15340108001311653,
        0.13794317186933097,
        0.13062088150842077,
        0.13198589019319737,
        0.17564628957566059
    ],
    "bona_sr_tfIdf_kmeansPlus_ami": [
        0.19205603276244945,
        0.22984298436684117,
        0.2696112731173706,
        0.27970264562804326,
        0.28459112652338925,
        0.2687311066781553,
        0.3098662339823815,
        0.26721502100037214,
        0.3538012085590387
    ],
    "bona_sr_tfIdfIcf_kmeansPlus_ami": [
        0.14295401432337235,
        0.04662281378587402,
        0.09567021750306567,
        0.032003991728919795,
        0.13477294833897777,
        0.16078758377696872,
        0.31337299432840093,
        0.2842162458128833,
        0.15077008499190603
    ],
    "boaw_sfs_tf_kmeansPlus_ami": [
        0.0600716305481618,
        0.19607483583697977,
        0.2755714672552656,
        0.2785645299656126,
        0.29605621594573267,
        0.28399898642024024,
        0.28355567886830996,
        0.3409033908220255,
        0.2921162404220656
    ],
    "boaw_sfs_tfIdf_kmeansPlus_ami": [
        0.2293414777110331,
        0.3205266073517231,
        0.4166787313515447,
        0.4585130369969282,
        0.48398805634139264,
        0.46418451447798487,
        0.5301260047274913,
        0.5141489716222796,
        0.5891387272508605
    ],
    "boaw_sfs_tfIdfIcf_kmeansPlus_ami": [
        0.07639917177385491,
        0.027558201533489597,
        0.08794309804833347,
        0.19875163794306233,
        0.4067941676539606,
        0.29080682955179094,
        0.34474640961663544,
        0.3952134103393449,
        0.2646131435515224
    ],
    "bon_sfs_tf_kmeansPlus_ami": [
        0.05725117574695845,
        0.19587563531447172,
        0.23071441327265724,
        0.2983779785666316,
        0.3041023197231605,
        0.28471931654822363,
        0.2540903645851038,
        0.2727364313545189,
        0.24110709687930432
    ],
    "bon_sfs_tfIdf_kmeansPlus_ami": [
        0.21030157520061127,
        0.26673631180154744,
        0.3602795902851445,
        0.42006202259077674,
        0.41454563791178173,
        0.3830887371624927,
        0.38186066553307335,
        0.4943678968699048,
        0.49881065509951533
    ],
    "bon_sfs_tfIdfIcf_kmeansPlus_ami": [
        0.06719240972861842,
        0.2252151743874654,
        0.10788097873378347,
        0.2506566722671597,
        0.2940354088491481,
        0.2662723052404076,
        0.3945558364861956,
        0.2499211204169133,
        0.22154393195774677
    ],
    "bona_sfs_tf_kmeansPlus_ami": [
        0.05654664963344532,
        0.16800302242226167,
        0.20409839507287836,
        0.1660634227009669,
        0.19484173661112555,
        0.18159051779856403,
        0.18188559880426167,
        0.17745329067921098,
        0.14929676520171564
    ],
    "bona_sfs_tfIdf_kmeansPlus_ami": [
        0.1733597510909304,
        0.2545031737621832,
        0.35730124279567377,
        0.34947796616700105,
        0.40626705156456167,
        0.3983816232371651,
        0.38570902891933034,
        0.3537471224061336,
        0.38103323808401457
    ],
    "bona_sfs_tfIdfIcf_kmeansPlus_ami": [
        0.06746451703380946,
        0.07889985960092114,
        0.0955118639765894,
        0.19086108749151653,
        0.20967456623801392,
        0.29067311832557924,
        0.17279082084959707,
        0.2821130567609901,
        0.23822617987676892
    ],
    "boaw_tfrf_tf_kmeansPlus_ami": [
        0.17231210749593884,
        0.302282180121938,
        0.28385924667075674,
        0.30574279019378503,
        0.26658304811315686,
        0.31955034547765826,
        0.2912799009570439,
        0.31340004279033806,
        0.3378570104313502
    ],
    "boaw_tfrf_tfIdf_kmeansPlus_ami": [
        0.23509200809899136,
        0.39989241598513686,
        0.4297302253726517,
        0.47563647284248656,
        0.552715211761403,
        0.4898458983656541,
        0.5578010441860748,
        0.5746228732789567,
        0.5629348087703048
    ],
    "boaw_tfrf_tfIdfIcf_kmeansPlus_ami": [
        0.056309224909051256,
        0.36196530371012053,
        0.021332684496131613,
        0.15130250999110761,
        0.05381409748912959,
        0.017302020949587847,
        0.2293315256468393,
        0.29860947140347477,
        0.2831216556050963
    ],
    "bon_tfrf_tf_kmeansPlus_ami": [
        0.0927361290426277,
        0.064374577757564,
        0.09768688542552743,
        0.1166200603534952,
        0.129103871189766,
        0.11994941299733597,
        0.11979545955186009,
        0.10888850183036988,
        0.12331863830841727
    ],
    "bon_tfrf_tfIdf_kmeansPlus_ami": [
        0.20166603400530259,
        0.3049671920474894,
        0.31647244351339787,
        0.4284458204004334,
        0.4131532572276827,
        0.4263452582959583,
        0.41146851899698594,
        0.4238890052589427,
        0.37331814185074136
    ],
    "bon_tfrf_tfIdfIcf_kmeansPlus_ami": [
        0.03338056557258586,
        0.11862084593066965,
        0.12799734982593763,
        0.13333225160473225,
        0.25201227084342886,
        0.24602894147880888,
        0.15066065570922768,
        0.2259224360256908,
        0.28805621023314504
    ],
    "bona_tfrf_tf_kmeansPlus_ami": [
        0.1367014743663798,
        0.1917716169380919,
        0.1922745805890883,
        0.2029170800767279,
        0.2045796685429713,
        0.22613691833512395,
        0.20398548377254586,
        0.19849075964194823,
        0.2073455278188854
    ],
    "bona_tfrf_tfIdf_kmeansPlus_ami": [
        0.23711988273197188,
        0.34071375265303816,
        0.4766076958585285,
        0.4594153992144419,
        0.4885312643400755,
        0.48501645273526006,
        0.44939695795743995,
        0.4604901315003577,
        0.475974442581298
    ],