{
    "boaw_sr_tf_kmeansPlus_ami": 0.1746735252666221,
    "boaw_sr_tfIdf_kmeansPlus_ami": 0.33542570968004265,
    "boaw_sr_tfIdfIcf_kmeansPlus_ami": 0.010558528183823744,
    "bon_sr_tf_kmeansPlus_ami": 0.07437382993354553,
    "bon_sr_tfIdf_kmeansPlus_ami": 0.24233565541442284,
    "bon_sr_tfIdfIcf_kmeansPlus_ami": 0.14665927337954812,
    "bona_sr_tf_kmeansPlus_ami": 0.1126712638513694,
    "bona_sr_tfIdf_kmeansPlus_ami": 0.32573808101831914,
    "bona_sr_tfIdfIcf_kmeansPlus_ami": 0.0022910302932289623,
    "boaw_sfs_tf_kmeansPlus_ami": 0.20822536763241786,
    "boaw_sfs_tfIdf_kmeansPlus_ami": 0.4370402986361382,
    "boaw_sfs_tfIdfIcf_kmeansPlus_ami": 0.2110011113317987,
    "bon_sfs_tf_kmeansPlus_ami": 0.21983194299739708,
    "bon_sfs_tfIdf_kmeansPlus_ami": 0.3693159115249977,
    "bon_sfs_tfIdfIcf_kmeansPlus_ami": 0.13458311690668825,
    "bona_sfs_tf_kmeansPlus_ami": 0.15685655068649051,
    "bona_sfs_tfIdf_kmeansPlus_ami": 0.39978583339728063,
    "bona_sfs_tfIdfIcf_kmeansPlus_ami": 0.21392281104890995,
    "boaw_tfrf_tf_kmeansPlus_ami": 0.1690400952323971,
    "boaw_tfrf_tfIdf_kmeansPlus_ami": 0.46679567445741815,
    "boaw_tfrf_tfIdfIcf_kmeansPlus_ami": 0.15055250079952986,
    "bon_tfrf_tf_kmeansPlus_ami": 0.045130792475508816,
    "bon_tfrf_tfIdf_kmeansPlus_ami": 0.3408328240396919,
    "bon_tfrf_tfIdfIcf_kmeansPlus_ami": 0.0853646454174895,
    "bona_tfrf_tf_kmeansPlus_ami": 0.11972558770758854,
    "bona_tfrf_tfIdf_kmeansPlus_ami": 0.4899439634716505,
    "bona_tfrf_tfIdfIcf_kmeansPlus_ami": 0.17769902822842287,
    "boaw_sr_tf_spherKmeans_ami": 0.2920857663414191,
    "boaw_sr_tfIdf_spherKmeans_ami": 0.48259658681810585,
    "boaw_sr_tfIdfIcf_spherKmeans_ami": 0.4700976464908809,
    "bon_sr_tf_spherKmeans_ami": 0.0817051624702327,
    "bon_sr_tfIdf_spherKmeans_ami": 0.3500895847731671,
    "bon_sr_tfIdfIcf_spherKmeans_ami": 0.4293257711256883,
    "bona_sr_tf_spherKmeans_ami": 0.15764033841117034,
    "bona_sr_tfIdf_spherKmeans_ami": 0.2900587214590941,
    "bona_sr_tfIdfIcf_spherKmeans_ami": 0.37079824568945036,
    "boaw_sfs_tf_spherKmeans_ami": 0.37003650617354666,
    "boaw_sfs_tfIdf_spherKmeans_ami": 0.46175659541896497,
    "boaw_sfs_tfIdfIcf_spherKmeans_ami": 0.5284657738273824,
    "bon_sfs_tf_spherKmeans_ami": 0.2766691477412907,
    "bon_sfs_tfIdf_spherKmeans_ami": 0.43704098882047293,
    "bon_sfs_tfIdfIcf_spherKmeans_ami": 0.41224312869700475,
    "bona_sfs_tf_spherKmeans_ami": 0.2288417098360305,
    "bona_sfs_tfIdf_spherKmeans_ami": 0.42178027204559426,
    "bona_sfs_tfIdfIcf_spherKmeans_ami": 0.44033226030373585,
    "boaw_tfrf_tf_spherKmeans_ami": 0.37337417070753487,
    "boaw_tfrf_tfIdf_spherKmeans_ami": 0.5660473678114606,
    "boaw_tfrf_tfIdfIcf_spherKmeans_ami": 0.5784084411409155,
    "bon_tfrf_tf_spherKmeans_ami": 0.15170482138748734,
    "bon_tfrf_tfIdf_spherKmeans_ami": 0.44931383272468545,
    "bon_tfrf_tfIdfIcf_spherKmeans_ami": 0.45440536776250307,
    "bona_tfrf_tf_spherKmeans_ami": 0.22934603921344082,
    "bona_tfrf_tfIdf_spherKmeans_ami": 0.4726875894640733,
    "bona_tfrf_tfIdfIcf_spherKmeans_ami": 0.5856037500055228
}