{
    "boaw_tf_kmeansPlus_ami": 0.3575038142438813,
    "boaw_tfIdf_kmeansPlus_ami": 0.6791767246313986,
    "boaw_tfIdfIcf_kmeansPlus_ami": 0.0050818757272638355,
    "bon_tf_kmeansPlus_ami": 0.37313023972850917,
    "bon_tfIdf_kmeansPlus_ami": 0.6790065851355531,
    "bon_tfIdfIcf_kmeansPlus_ami": 0.1371040756075974,
    "bona_tf_kmeansPlus_ami": 0.3065714295345302,
    "bona_tfIdf_kmeansPlus_ami": 0.6409642460678393,
    "bona_tfIdfIcf_kmeansPlus_ami": 0.0017948401333707058,
    "boaw_sfs_tf_kmeansPlus_ami": 0.06740365156715272,
    "boaw_sfs_tfIdf_kmeansPlus_ami": 0.4295294815656613,
    "boaw_sfs_tfIdfIcf_kmeansPlus_ami": 0.022431557690589472,
    "bon_sfs_tf_kmeansPlus_ami": 0.17653344475649668,
    "bon_sfs_tfIdf_kmeansPlus_ami": 0.4521130260209506,
    "bon_sfs_tfIdfIcf_kmeansPlus_ami": 0.04851246745408174,
    "bona_sfs_tf_kmeansPlus_ami": 0.19099199807964382,
    "bona_sfs_tfIdf_kmeansPlus_ami": 0.3885769264158468,
    "bona_sfs_tfIdfIcf_kmeansPlus_ami": 0.011944616534317878,
    "boaw_tfrf_tf_kmeansPlus_ami": 0.17254709848926797,
    "boaw_tfrf_tfIdf_kmeansPlus_ami": 0.5513378404292294,
    "boaw_tfrf_tfIdfIcf_kmeansPlus_ami": 0.00836602897675706,
    "bon_tfrf_tf_kmeansPlus_ami": 0.10725638292817653,
    "bon_tfrf_tfIdf_kmeansPlus_ami": 0.37884323821864635,
    "bon_tfrf_tfIdfIcf_kmeansPlus_ami": 0.013474939520806431,
    "bona_tfrf_tf_kmeansPlus_ami": 0.18439618872704075,
    "bona_tfrf_tfIdf_kmeansPlus_ami": 0.39336616378209865,
    "bona_tfrf_tfIdfIcf_kmeansPlus_ami": 0.00043477219588019996,
    "boaw_sr_tf_kmeansPlus_ami": 0.17131498980123547,
    "boaw_sr_tfIdf_kmeansPlus_ami": 0.48309667156836333,
    "boaw_sr_tfIdfIcf_kmeansPlus_ami": 0.12493553696585366,
    "bon_sr_tf_kmeansPlus_ami": 0.02140595013907089,
    "bon_sr_tfIdf_kmeansPlus_ami": 0.21426797092592773,
    "bon_sr_tfIdfIcf_kmeansPlus_ami": 0.014038130713842105,
    "bona_sr_tf_kmeansPlus_ami": 0.05633074198632888,
    "bona_sr_tfIdf_kmeansPlus_ami": 0.2826378624424385,
    "bona_sr_tfIdfIcf_kmeansPlus_ami": 0.08899230523705093,
    "boaw_tf_spherKmeans_ami": 0.8103858362273794,
    "boaw_tfIdf_spherKmeans_ami": 0.8151122707105769,
    "boaw_tfIdfIcf_spherKmeans_ami": 0.7595818414584022,
    "bon_tf_spherKmeans_ami": 0.7996737941402923,
    "bon_tfIdf_spherKmeans_ami": 0.7982547927810887,
    "bon_tfIdfIcf_spherKmeans_ami": 0.7684240894785548,
    "bona_tf_spherKmeans_ami": 0.8094307399007798,
    "bona_tfIdf_spherKmeans_ami": 0.8143333674719477,
    "bona_tfIdfIcf_spherKmeans_ami": 0.7367379168686643,
    "boaw_sfs_tf_spherKmeans_ami": 0.37782747779008996,
    "boaw_sfs_tfIdf_spherKmeans_ami": 0.48513757040953914,
    "boaw_sfs_tfIdfIcf_spherKmeans_ami": 0.47339318834075217,
    "bon_sfs_tf_spherKmeans_ami": 0.2891975463254936,
    "bon_sfs_tfIdf_spherKmeans_ami": 0.4114256060074508,
    "bon_sfs_tfIdfIcf_spherKmeans_ami": 0.42768181119930637,
    "bona_sfs_tf_spherKmeans_ami": 0.24583903713610672,
    "bona_sfs_tfIdf_spherKmeans_ami": 0.3827210315471677,
    "bona_sfs_tfIdfIcf_spherKmeans_ami": 0.428072363857344,
    "boaw_tfrf_tf_spherKmeans_ami": 0.40491844092525253,
    "boaw_tfrf_tfIdf_spherKmeans_ami": 0.5593979344533041,
    "boaw_tfrf_tfIdfIcf_spherKmeans_ami": 0.5396527823420457,
    "bon_tfrf_tf_spherKmeans_ami": 0.1988471151774667,
    "bon_tfrf_tfIdf_spherKmeans_ami": 0.515796138239007,
    "bon_tfrf_tfIdfIcf_spherKmeans_ami": 0.4447593785608864,
    "bona_tfrf_tf_spherKmeans_ami": 0.1922303560298279,
    "bona_tfrf_tfIdf_spherKmeans_ami": 0.47933111075983137,
    "bona_tfrf_tfIdfIcf_spherKmeans_ami": 0.5050970702569267,
    "boaw_sr_tf_spherKmeans_ami": 0.2886349153656293,
    "boaw_sr_tfIdf_spherKmeans_ami": 0.5390720298687962,
    "boaw_sr_tfIdfIcf_spherKmeans_ami": 0.4982237887979524,
    "bon_sr_tf_spherKmeans_ami": 0.17518535823351397,
    "bon_sr_tfIdf_spherKmeans_ami": 0.27181038157240967,
    "bon_sr_tfIdfIcf_spherKmeans_ami": 0.3364664942071358,
    "bona_sr_tf_spherKmeans_ami": 0.14148093716366836,
    "bona_sr_tfIdf_spherKmeans_ami": 0.2589432211984742,
    "bona_sr_tfIdfIcf_spherKmeans_ami": 0.39091254813393117
}