{
    "boaw_sr_tf_kmeansPlus_ami": [
        0.15314355379748806,
        0.14557738275924806,
        0.17600685076244993,
        0.2472426522532234,
        0.22907979635689332,
        0.25955434386447734,
        0.18155674323974674,
        0.30397694479680476,
        0.266437923714096
    ],
    "boaw_sr_tfIdf_kmeansPlus_ami": [
        0.25779503721506,
        0.3893858950758014,
        0.4162244319816224,
        0.4306977867677083,
        0.4412060429857564,
        0.5370161783490894,
        0.4870701674407351,
        0.4483915200505964,
        0.4597796775887478
    ],
    "boaw_sr_tfIdfIcf_kmeansPlus_ami": [
        0.30210551000052127,
        0.014331083761202986,
        0.297159170706943,
        0.04505076311645967,
        0.1765022725059699,
        0.3006841471757983,
        0.31688793548172883,
        0.2141162788571905,
        0.390606799732117
    ],
    "bon_sr_tf_kmeansPlus_ami": [
        0.021634658110379984,
        0.0316845362740651,
        0.040901952886002665,
        0.11916813793568988,
        0.06574728322914035,
        0.0915631147747819,
        0.11626501065375479,
        0.07193668433520028,
        0.10681553654503254
    ],
    "bon_sr_tfIdf_kmeansPlus_ami": [
        0.1630620744577204,
        0.21587770499725562,
        0.21600182052355918,
        0.26963257418547404,
        0.3194166487530436,
        0.33172538974205495,
        0.27756366304678176,
        0.33008140666746977,
        0.2516917384247302
    ],
    "bon_sr_tfIdfIcf_kmeansPlus_ami": [
        0.12433006774664171,
        0.010091153916039595,
        0.13576216729353208,
        0.02214867965219662,
        0.04008297202017825,
        0.19765308986552318,
        0.11660307499960464,
        0.12393704094294199,
        0.17110759377294987
    ],
    "bona_sr_tf_kmeansPlus_ami": [
        0.012502063154109044,
        0.02790551446048337,
        0.06280941841150736,
        0.14561590028290552,
        0.128245692486177,
        0.10588048178348196,
        0.12987638071018714,
        0.12225146839960309,
        0.14511006262751672
    ],
    "bona_sr_tfIdf_kmeansPlus_ami": [
        0.17693860658105143,
        0.23278707152352837,
        0.2821126032985515,
        0.30718292049021484,
        0.36993582191495755,
        0.3674802098071708,
        0.29323003409827214,
        0.3256942702583708,
        0.32657811410845117
    ],
    "bona_sr_tfIdfIcf_kmeansPlus_ami": [
        0.05041353349947226,
        0.1971912437386014,
        0.05746135461457885,
        0.2077759138994066,
        0.11277822744435766,
        0.10654253088571156,
        0.25221866353277317,
        0.23783235570894753,
        0.2721927807910818
    ],
    "boaw_sfs_tf_kmeansPlus_ami": [
        0.062331101431753744,
        0.21742265415198983,
        0.28471022374424404,
        0.31362538282533914,
        0.27485340186400775,
        0.3011986081191451,
        0.27434800186764496,
        0.30196166704619004,
        0.3134413572867665
    ],
    "boaw_sfs_tfIdf_kmeansPlus_ami": [
        0.2293414777110331,
        0.28767470584067795,
        0.428110153759056,
        0.47474920927873016,
        0.48113019760587517,
        0.46047790183570275,
        0.5369883517918005,
        0.5582995519043249,
        0.5273784351034926
    ],
    "boaw_sfs_tfIdfIcf_kmeansPlus_ami": [
        0.08134558745486478,
        0.23934034428945883,
        0.22565013829216218,
        0.07850061993534486,
        0.25476565911868154,
        0.10065608191659609,
        0.2060574281040656,
        0.34890631952327517,
        0.25773196699903506
    ],
    "bon_sfs_tf_kmeansPlus_ami": [
        0.05725117574695845,
        0.2013274388896204,
        0.2680334238477155,
        0.30549405689743986,
        0.27360236401824295,
        0.30663170762989705,
        0.25642308688972815,
        0.27831117823809165,
        0.30607149289223845
    ],
    "bon_sfs_tfIdf_kmeansPlus_ami": [
        0.09275690240063886,
        0.26673631180154744,
        0.3711152422707447,
        0.42206089631114757,
        0.41373742512412853,
        0.4488355779473167,
        0.49743841045332926,
        0.46304082917908407,
        0.4778483821371531
    ],
    "bon_sfs_tfIdfIcf_kmeansPlus_ami": [
        0.0664924950037284,
        0.08749494260897797,
        0.19327210950706541,
        0.3519178465491604,
        0.08450823930450085,
        0.19409232003391663,
        0.26926172559093964,
        0.32405394016208855,
        0.3256797815563707
    ],
    "bona_sfs_tf_kmeansPlus_ami": [
        0.0593661517875528,
        0.20504693738519886,
        0.11051303835736573,
        0.21919081465421197,
        0.22283718422392554,
        0.2115843293199624,
        0.17713295241474777,
        0.17242186086029618,
        0.23709813863328097
    ],
    "bona_sfs_tfIdf_kmeansPlus_ami": [
        0.08698501334097429,
        0.25526950248313585,
        0.34089544038361136,
        0.3540963073994058,
        0.39992314696540265,
        0.39452278587667716,
        0.40429582182547336,
        0.3936456922637947,
        0.4263633673725829
    ],
    "bona_sfs_tfIdfIcf_kmeansPlus_ami": [
        0.0735120814749005,
        0.0926675876243168,
        0.19595245828636876,
        0.23868270966270524,
        0.20325848534761315,
        0.21273278361941347,
        0.26561203350209694,
        0.4344953033358075,
        0.22657024464226053
    ],
    "boaw_tfrf_tf_kmeansPlus_ami": [
        0.18388801121298998,
        0.22413416019774454,
        0.22887329136506004,
        0.3235484246507347,
        0.2921328334234141,
        0.31505029079255426,
        0.28465006917986485,
        0.320531229659309,
        0.33255200946897356
    ],
    "boaw_tfrf_tfIdf_kmeansPlus_ami": [
        0.28686098473574634,
        0.3866703786406832,
        0.4818685609551681,
        0.5501479979854047,
        0.5308877695920614,
        0.5325143565311852,
        0.5654276189926566,
        0.500486668397193,
        0.5506659891499446
    ],
    "boaw_tfrf_tfIdfIcf_kmeansPlus_ami": [
        0.031074153186948502,
        0.15504604075601824,
        0.010083637084288288,
        0.25221563598671715,
        0.1724251366133008,
        0.18706066204868232,
        0.383886481899205,
        0.40114399706460513,
        0.36015092936975934
    ],
    "bon_tfrf_tf_kmeansPlus_ami": [
        0.08526903731134934,
        0.12504930300404343,
        0.11406325159135042,
        0.10826259673497213,
        0.10260365237780501,
        0.13347615333497823,
        0.13933183772957225,
        0.0903431279613365,
        0.145819644565072
    ],
    "bon_tfrf_tfIdf_kmeansPlus_ami": [
        0.1988841435988325,
        0.3386447533545772,
        0.35880888544454836,
        0.4091476122752585,
        0.4089628633641497,
        0.3664441073449776,
        0.48363967968773613,
        0.4871416653371525,
        0.38792425240142825
    ],
    "bon_tfrf_tfIdfIcf_kmeansPlus_ami": [
        0.02355550316489584,
        0.0039049578642675253,
        0.043975840106260454,
        0.22250761942660213,
        0.29169654694502206,
        0.24020992115336856,
        0.2803417235371642,
        0.07703754808233819,
        0.05669321891818362
    ],
    "bona_tfrf_tf_kmeansPlus_ami": [
        0.12646095816634478,
        0.19096118320385264,
        0.20091187253654322,
        0.21973803404843373,
        0.155895011268828,
        0.22485877161521825,
        0.1994029659940023,
        0.1757991325433087,
        0.18606202692392404
    ],
    "bona_tfrf_tfIdf_kmeansPlus_ami": [
        0.21238409048154686,
        0.3042198250626422,
        0.42790825648063535,
        0.4675749987830208,
        0.43138031543459754,
        0.4694020978763523,
        0.4776590912709599,
        0.39771690521110326,
        0.4294620657154391
    ],