{
    "boaw_tf_kmeansPlus_purity": 0.3457142857142857,
    "boaw_tfIdf_kmeansPlus_purity": 0.5503571428571429,
    "boaw_tfIdfIcf_kmeansPlus_purity": 0.1467857142857143,
    "bon_tf_kmeansPlus_purity": 0.3439285714285714,
    "bon_tfIdf_kmeansPlus_purity": 0.5210714285714285,
    "bon_tfIdfIcf_kmeansPlus_purity": 0.21571428571428572,
    "bona_tf_kmeansPlus_purity": 0.27,
    "bona_tfIdf_kmeansPlus_purity": 0.5182142857142857,
    "bona_tfIdfIcf_kmeansPlus_purity": 0.14535714285714285,
    "boaw_sfs_tf_kmeansPlus_purity": 0.18107142857142858,
    "boaw_sfs_tfIdf_kmeansPlus_purity": 0.4592857142857143,
    "boaw_sfs_tfIdfIcf_kmeansPlus_purity": 0.15678571428571428,
    "bon_sfs_tf_kmeansPlus_purity": 0.24535714285714286,
    "bon_sfs_tfIdf_kmeansPlus_purity": 0.4735714285714286,
    "bon_sfs_tfIdfIcf_kmeansPlus_purity": 0.1692857142857143,
    "bona_sfs_tf_kmeansPlus_purity": 0.2789285714285714,
    "bona_sfs_tfIdf_kmeansPlus_purity": 0.405,
    "bona_sfs_tfIdfIcf_kmeansPlus_purity": 0.15214285714285714,
    "boaw_tfrf_tf_kmeansPlus_purity": 0.25892857142857145,
    "boaw_tfrf_tfIdf_kmeansPlus_purity": 0.5378571428571428,
    "boaw_tfrf_tfIdfIcf_kmeansPlus_purity": 0.14857142857142858,
    "bon_tfrf_tf_kmeansPlus_purity": 0.2617857142857143,
    "bon_tfrf_tfIdf_kmeansPlus_purity": 0.4564285714285714,
    "bon_tfrf_tfIdfIcf_kmeansPlus_purity": 0.15178571428571427,
    "bona_tfrf_tf_kmeansPlus_purity": 0.29714285714285715,
    "bona_tfrf_tfIdf_kmeansPlus_purity": 0.44642857142857145,
    "bona_tfrf_tfIdfIcf_kmeansPlus_purity": 0.1442857142857143,
    "boaw_sr_tf_kmeansPlus_purity": 0.2625,
    "boaw_sr_tfIdf_kmeansPlus_purity": 0.5082142857142857,
    "boaw_sr_tfIdfIcf_kmeansPlus_purity": 0.22107142857142856,
    "bon_sr_tf_kmeansPlus_purity": 0.16785714285714284,
    "bon_sr_tfIdf_kmeansPlus_purity": 0.325,
    "bon_sr_tfIdfIcf_kmeansPlus_purity": 0.15285714285714286,
    "bona_sr_tf_kmeansPlus_purity": 0.21,
    "bona_sr_tfIdf_kmeansPlus_purity": 0.38785714285714284,
    "bona_sr_tfIdfIcf_kmeansPlus_purity": 0.19785714285714287,
    "boaw_tf_spherKmeans_purity": 0.9178571428571428,
    "boaw_tfIdf_spherKmeans_purity": 0.9253571428571429,
    "boaw_tfIdfIcf_spherKmeans_purity": 0.9121428571428571,
    "bon_tf_spherKmeans_purity": 0.9167857142857143,
    "bon_tfIdf_spherKmeans_purity": 0.9257142857142857,
    "bon_tfIdfIcf_spherKmeans_purity": 0.91,
    "bona_tf_spherKmeans_purity": 0.9335714285714286,
    "bona_tfIdf_spherKmeans_purity": 0.9335714285714286,
    "bona_tfIdfIcf_spherKmeans_purity": 0.9214285714285714,
    "boaw_sfs_tf_spherKmeans_purity": 0.5585714285714286,
    "boaw_sfs_tfIdf_spherKmeans_purity": 0.6653571428571429,
    "boaw_sfs_tfIdfIcf_spherKmeans_purity": 0.6060714285714286,
    "bon_sfs_tf_spherKmeans_purity": 0.45071428571428573,
    "bon_sfs_tfIdf_spherKmeans_purity": 0.5778571428571428,
    "bon_sfs_tfIdfIcf_spherKmeans_purity": 0.5860714285714286,
    "bona_sfs_tf_spherKmeans_purity": 0.41714285714285715,
    "bona_sfs_tfIdf_spherKmeans_purity": 0.5667857142857143,
    "bona_sfs_tfIdfIcf_spherKmeans_purity": 0.5825,
    "boaw_tfrf_tf_spherKmeans_purity": 0.5942857142857143,
    "boaw_tfrf_tfIdf_spherKmeans_purity": 0.7307142857142858,
    "boaw_tfrf_tfIdfIcf_spherKmeans_purity": 0.7321428571428571,
    "bon_tfrf_tf_spherKmeans_purity": 0.39571428571428574,
    "bon_tfrf_tfIdf_spherKmeans_purity": 0.7632142857142857,
    "bon_tfrf_tfIdfIcf_spherKmeans_purity": 0.62,
    "bona_tfrf_tf_spherKmeans_purity": 0.3989285714285714,
    "bona_tfrf_tfIdf_spherKmeans_purity": 0.6953571428571429,
    "bona_tfrf_tfIdfIcf_spherKmeans_purity": 0.6871428571428572,
    "boaw_sr_tf_spherKmeans_purity": 0.4860714285714286,
    "boaw_sr_tfIdf_spherKmeans_purity": 0.705,
    "boaw_sr_tfIdfIcf_spherKmeans_purity": 0.6632142857142858,
    "bon_sr_tf_spherKmeans_purity": 0.3325,
    "bon_sr_tfIdf_spherKmeans_purity": 0.5189285714285714,
    "bon_sr_tfIdfIcf_spherKmeans_purity": 0.5317857142857143,
    "bona_sr_tf_spherKmeans_purity": 0.32821428571428574,
    "bona_sr_tfIdf_spherKmeans_purity": 0.42964285714285716,
    "bona_sr_tfIdfIcf_spherKmeans_purity": 0.5885714285714285
}