{
    "boaw_tf_kmeansPlus_purity": 0.48642857142857143,
    "boaw_tfIdf_kmeansPlus_purity": 0.8035714285714286,
    "boaw_tfIdfIcf_kmeansPlus_purity": 0.14857142857142858,
    "bon_tf_kmeansPlus_purity": 0.5778571428571428,
    "bon_tfIdf_kmeansPlus_purity": 0.8775,
    "bon_tfIdfIcf_kmeansPlus_purity": 0.3275,
    "bona_tf_kmeansPlus_purity": 0.3732142857142857,
    "bona_tfIdf_kmeansPlus_purity": 0.885,
    "bona_tfIdfIcf_kmeansPlus_purity": 0.14714285714285713,
    "boaw_sfs_tf_kmeansPlus_purity": 0.2789285714285714,
    "boaw_sfs_tfIdf_kmeansPlus_purity": 0.6392857142857142,
    "boaw_sfs_tfIdfIcf_kmeansPlus_purity": 0.22071428571428572,
    "bon_sfs_tf_kmeansPlus_purity": 0.3375,
    "bon_sfs_tfIdf_kmeansPlus_purity": 0.5303571428571429,
    "bon_sfs_tfIdfIcf_kmeansPlus_purity": 0.18857142857142858,
    "bona_sfs_tf_kmeansPlus_purity": 0.3057142857142857,
    "bona_sfs_tfIdf_kmeansPlus_purity": 0.43964285714285717,
    "bona_sfs_tfIdfIcf_kmeansPlus_purity": 0.21464285714285714,
    "boaw_tfrf_tf_kmeansPlus_purity": 0.4275,
    "boaw_tfrf_tfIdf_kmeansPlus_purity": 0.7132142857142857,
    "boaw_tfrf_tfIdfIcf_kmeansPlus_purity": 0.17357142857142857,
    "bon_tfrf_tf_kmeansPlus_purity": 0.295,
    "bon_tfrf_tfIdf_kmeansPlus_purity": 0.7178571428571429,
    "bon_tfrf_tfIdfIcf_kmeansPlus_purity": 0.28,
    "bona_tfrf_tf_kmeansPlus_purity": 0.36142857142857143,
    "bona_tfrf_tfIdf_kmeansPlus_purity": 0.6082142857142857,
    "bona_tfrf_tfIdfIcf_kmeansPlus_purity": 0.2785714285714286,
    "boaw_sr_tf_kmeansPlus_purity": 0.3,
    "boaw_sr_tfIdf_kmeansPlus_purity": 0.6382142857142857,
    "boaw_sr_tfIdfIcf_kmeansPlus_purity": 0.165,
    "bon_sr_tf_kmeansPlus_purity": 0.18321428571428572,
    "bon_sr_tfIdf_kmeansPlus_purity": 0.37285714285714283,
    "bon_sr_tfIdfIcf_kmeansPlus_purity": 0.18464285714285714,
    "bona_sr_tf_kmeansPlus_purity": 0.23714285714285716,
    "bona_sr_tfIdf_kmeansPlus_purity": 0.5278571428571428,
    "bona_sr_tfIdfIcf_kmeansPlus_purity": 0.32321428571428573,
    "boaw_tf_spherKmeans_purity": 0.9178571428571428,
    "boaw_tfIdf_spherKmeans_purity": 0.9253571428571429,
    "boaw_tfIdfIcf_spherKmeans_purity": 0.9121428571428571,
    "bon_tf_spherKmeans_purity": 0.9167857142857143,
    "bon_tfIdf_spherKmeans_purity": 0.9257142857142857,
    "bon_tfIdfIcf_spherKmeans_purity": 0.91,
    "bona_tf_spherKmeans_purity": 0.9335714285714286,
    "bona_tfIdf_spherKmeans_purity": 0.9335714285714286,
    "bona_tfIdfIcf_spherKmeans_purity": 0.9214285714285714,
    "boaw_sfs_tf_spherKmeans_purity": 0.5585714285714286,
    "boaw_sfs_tfIdf_spherKmeans_purity": 0.6653571428571429,
    "boaw_sfs_tfIdfIcf_spherKmeans_purity": 0.6060714285714286,
    "bon_sfs_tf_spherKmeans_purity": 0.45071428571428573,
    "bon_sfs_tfIdf_spherKmeans_purity": 0.5778571428571428,
    "bon_sfs_tfIdfIcf_spherKmeans_purity": 0.5860714285714286,
    "bona_sfs_tf_spherKmeans_purity": 0.41714285714285715,
    "bona_sfs_tfIdf_spherKmeans_purity": 0.5667857142857143,
    "bona_sfs_tfIdfIcf_spherKmeans_purity": 0.5825,
    "boaw_tfrf_tf_spherKmeans_purity": 0.5942857142857143,
    "boaw_tfrf_tfIdf_spherKmeans_purity": 0.7307142857142858,
    "boaw_tfrf_tfIdfIcf_spherKmeans_purity": 0.7321428571428571,
    "bon_tfrf_tf_spherKmeans_purity": 0.39571428571428574,
    "bon_tfrf_tfIdf_spherKmeans_purity": 0.7632142857142857,
    "bon_tfrf_tfIdfIcf_spherKmeans_purity": 0.62,
    "bona_tfrf_tf_spherKmeans_purity": 0.3989285714285714,
    "bona_tfrf_tfIdf_spherKmeans_purity": 0.6953571428571429,
    "bona_tfrf_tfIdfIcf_spherKmeans_purity": 0.6871428571428572,
    "boaw_sr_tf_spherKmeans_purity": 0.4860714285714286,
    "boaw_sr_tfIdf_spherKmeans_purity": 0.705,
    "boaw_sr_tfIdfIcf_spherKmeans_purity": 0.6632142857142858,
    "bon_sr_tf_spherKmeans_purity": 0.3325,
    "bon_sr_tfIdf_spherKmeans_purity": 0.5189285714285714,
    "bon_sr_tfIdfIcf_spherKmeans_purity": 0.5317857142857143,
    "bona_sr_tf_spherKmeans_purity": 0.32821428571428574,
    "bona_sr_tfIdf_spherKmeans_purity": 0.42964285714285716,
    "bona_sr_tfIdfIcf_spherKmeans_purity": 0.5885714285714285
}