{
    "boaw_tf_kmeansPlus_purity": 0.3457142857142857,
    "boaw_tfIdf_kmeansPlus_purity": 0.5503571428571429,
    "boaw_tfIdfIcf_kmeansPlus_purity": 0.1467857142857143,
    "bon_tf_kmeansPlus_purity": 0.3439285714285714,
    "bon_tfIdf_kmeansPlus_purity": 0.5210714285714285,
    "bon_tfIdfIcf_kmeansPlus_purity": 0.21571428571428572,
    "bona_tf_kmeansPlus_purity": 0.27,
    "bona_tfIdf_kmeansPlus_purity": 0.5182142857142857,
    "bona_tfIdfIcf_kmeansPlus_purity": 0.14535714285714285,
    "boaw_sfs_tf_kmeansPlus_purity": 0.18107142857142858,
    "boaw_sfs_tfIdf_kmeansPlus_purity": 0.4592857142857143,
    "boaw_sfs_tfIdfIcf_kmeansPlus_purity": 0.15678571428571428,
    "bon_sfs_tf_kmeansPlus_purity": 0.24535714285714286,
    "bon_sfs_tfIdf_kmeansPlus_purity": 0.4735714285714286,
    "bon_sfs_tfIdfIcf_kmeansPlus_purity": 0.1692857142857143,
    "bona_sfs_tf_kmeansPlus_purity": 0.2789285714285714,
    "bona_sfs_tfIdf_kmeansPlus_purity": 0.405,
    "bona_sfs_tfIdfIcf_kmeansPlus_purity": 0.15214285714285714,
    "boaw_tfrf_tf_kmeansPlus_purity": 0.25892857142857145,
    "boaw_tfrf_tfIdf_kmeansPlus_purity": 0.5378571428571428,
    "boaw_tfrf_tfIdfIcf_kmeansPlus_purity": 0.14857142857142858,
    "bon_tfrf_tf_kmeansPlus_purity": 0.2617857142857143,
    "bon_tfrf_tfIdf_kmeansPlus_purity": 0.4564285714285714,
    "bon_tfrf_tfIdfIcf_kmeansPlus_purity": 0.15178571428571427,
    "bona_tfrf_tf_kmeansPlus_purity": 0.29714285714285715,
    "bona_tfrf_tfIdf_kmeansPlus_purity": 0.44642857142857145,
    "bona_tfrf_tfIdfIcf_kmeansPlus_purity": 0.1442857142857143,
    "boaw_sr_tf_kmeansPlus_purity": 0.2625,
    "boaw_sr_tfIdf_kmeansPlus_purity": 0.5082142857142857,
    "boaw_sr_tfIdfIcf_kmeansPlus_purity": 0.22107142857142856,
    "bon_sr_tf_kmeansPlus_purity": 0.16785714285714284,
    "bon_sr_tfIdf_kmeansPlus_purity": 0.325,
    "bon_sr_tfIdfIcf_kmeansPlus_purity": 0.15285714285714286,
    "bona_sr_tf_kmeansPlus_purity": 0.21,
    "bona_sr_tfIdf_kmeansPlus_purity": 0.38785714285714284,
    "bona_sr_tfIdfIcf_kmeansPlus_purity": 0.19785714285714287,
    "boaw_tf_spherKmeans_purity": 0.8739285714285714,
    "boaw_tfIdf_spherKmeans_purity": 0.8814285714285715,
    "boaw_tfIdfIcf_spherKmeans_purity": 0.8253571428571429,
    "bon_tf_spherKmeans_purity": 0.8632142857142857,
    "bon_tfIdf_spherKmeans_purity": 0.8675,
    "bon_tfIdfIcf_spherKmeans_purity": 0.8307142857142857,
    "bona_tf_spherKmeans_purity": 0.8842857142857142,
    "bona_tfIdf_spherKmeans_purity": 0.8864285714285715,
    "bona_tfIdfIcf_spherKmeans_purity": 0.8117857142857143,
    "boaw_sfs_tf_spherKmeans_purity": 0.5225,
    "boaw_sfs_tfIdf_spherKmeans_purity": 0.5964285714285714,
    "boaw_sfs_tfIdfIcf_spherKmeans_purity": 0.5285714285714286,
    "bon_sfs_tf_spherKmeans_purity": 0.40285714285714286,
    "bon_sfs_tfIdf_spherKmeans_purity": 0.4882142857142857,
    "bon_sfs_tfIdfIcf_spherKmeans_purity": 0.5010714285714286,
    "bona_sfs_tf_spherKmeans_purity": 0.3757142857142857,
    "bona_sfs_tfIdf_spherKmeans_purity": 0.4903571428571429,
    "bona_sfs_tfIdfIcf_spherKmeans_purity": 0.49392857142857144,
    "boaw_tfrf_tf_spherKmeans_purity": 0.5721428571428572,
    "boaw_tfrf_tfIdf_spherKmeans_purity": 0.6839285714285714,
    "boaw_tfrf_tfIdfIcf_spherKmeans_purity": 0.6560714285714285,
    "bon_tfrf_tf_spherKmeans_purity": 0.37714285714285717,
    "bon_tfrf_tfIdf_spherKmeans_purity": 0.7228571428571429,
    "bon_tfrf_tfIdfIcf_spherKmeans_purity": 0.5596428571428571,
    "bona_tfrf_tf_spherKmeans_purity": 0.36392857142857143,
    "bona_tfrf_tfIdf_spherKmeans_purity": 0.6332142857142857,
    "bona_tfrf_tfIdfIcf_spherKmeans_purity": 0.6253571428571428,
    "boaw_sr_tf_spherKmeans_purity": 0.4617857142857143,
    "boaw_sr_tfIdf_spherKmeans_purity": 0.6760714285714285,
    "boaw_sr_tfIdfIcf_spherKmeans_purity": 0.6092857142857143,
    "bon_sr_tf_spherKmeans_purity": 0.32571428571428573,
    "bon_sr_tfIdf_spherKmeans_purity": 0.4692857142857143,
    "bon_sr_tfIdfIcf_spherKmeans_purity": 0.4742857142857143,
    "bona_sr_tf_spherKmeans_purity": 0.31392857142857145,
    "bona_sr_tfIdf_spherKmeans_purity": 0.38821428571428573,
    "bona_sr_tfIdfIcf_spherKmeans_purity": 0.51
}