{
    "boaw_sr_tf_kmeansPlus_purity": [
        0.245,
        0.28714285714285714,
        0.32035714285714284,
        0.38285714285714284,
        0.37214285714285716,
        0.42142857142857143,
        0.34,
        0.5078571428571429,
        0.43714285714285717
    ],
    "boaw_sr_tfIdf_kmeansPlus_purity": [
        0.26964285714285713,
        0.38,
        0.45285714285714285,
        0.52,
        0.5428571428571428,
        0.7146428571428571,
        0.6275,
        0.5828571428571429,
        0.6303571428571428
    ],
    "boaw_sr_tfIdfIcf_kmeansPlus_purity": [
        0.27535714285714286,
        0.15214285714285714,
        0.3432142857142857,
        0.17285714285714285,
        0.23142857142857143,
        0.3489285714285714,
        0.3657142857142857,
        0.2825,
        0.4735714285714286
    ],
    "bon_sr_tf_kmeansPlus_purity": [
        0.1742857142857143,
        0.1725,
        0.19357142857142856,
        0.25107142857142856,
        0.215,
        0.24785714285714286,
        0.2767857142857143,
        0.2282142857142857,
        0.2832142857142857
    ],
    "bon_sr_tfIdf_kmeansPlus_purity": [
        0.24142857142857144,
        0.29964285714285716,
        0.3357142857142857,
        0.405,
        0.44785714285714284,
        0.48464285714285715,
        0.415,
        0.5160714285714286,
        0.42928571428571427
    ],
    "bon_sr_tfIdfIcf_kmeansPlus_purity": [
        0.21392857142857144,
        0.14892857142857144,
        0.22464285714285714,
        0.1575,
        0.1682142857142857,
        0.2667857142857143,
        0.22428571428571428,
        0.2392857142857143,
        0.2671428571428571
    ],
    "bona_sr_tf_kmeansPlus_purity": [
        0.16142857142857142,
        0.17392857142857143,
        0.21535714285714286,
        0.2864285714285714,
        0.2617857142857143,
        0.255,
        0.2717857142857143,
        0.25214285714285717,
        0.3025
    ],
    "bona_sr_tfIdf_kmeansPlus_purity": [
        0.24428571428571427,
        0.3078571428571429,
        0.38392857142857145,
        0.44285714285714284,
        0.53,
        0.5207142857142857,
        0.4685714285714286,
        0.4982142857142857,
        0.5121428571428571
    ],
    "bona_sr_tfIdfIcf_kmeansPlus_purity": [
        0.16964285714285715,
        0.2646428571428571,
        0.17642857142857143,
        0.3053571428571429,
        0.21571428571428572,
        0.21571428571428572,
        0.3375,
        0.36964285714285716,
        0.36464285714285716
    ],
    "boaw_sfs_tf_kmeansPlus_purity": [
        0.1757142857142857,
        0.2646428571428571,
        0.33964285714285714,
        0.38642857142857145,
        0.34714285714285714,
        0.3967857142857143,
        0.38571428571428573,
        0.43964285714285717,
        0.44642857142857145
    ],
    "boaw_sfs_tfIdf_kmeansPlus_purity": [
        0.25392857142857145,
        0.3057142857142857,
        0.4232142857142857,
        0.5082142857142857,
        0.5864285714285714,
        0.6039285714285715,
        0.6517857142857143,
        0.6875,
        0.6764285714285714
    ],
    "boaw_sfs_tfIdfIcf_kmeansPlus_purity": [
        0.18678571428571428,
        0.2785714285714286,
        0.2785714285714286,
        0.18714285714285714,
        0.3142857142857143,
        0.20714285714285716,
        0.2717857142857143,
        0.40285714285714286,
        0.3425
    ],
    "bon_sfs_tf_kmeansPlus_purity": [
        0.1725,
        0.2557142857142857,
        0.3425,
        0.38321428571428573,
        0.3675,
        0.4032142857142857,
        0.38142857142857145,
        0.38107142857142856,
        0.41964285714285715
    ],
    "bon_sfs_tfIdf_kmeansPlus_purity": [
        0.1925,
        0.295,
        0.3964285714285714,
        0.4675,
        0.5064285714285715,
        0.5371428571428571,
        0.6039285714285715,
        0.5996428571428571,
        0.6492857142857142
    ],
    "bon_sfs_tfIdfIcf_kmeansPlus_purity": [
        0.17857142857142858,
        0.19285714285714287,
        0.2542857142857143,
        0.3792857142857143,
        0.19357142857142856,
        0.27035714285714285,
        0.31892857142857145,
        0.3510714285714286,
        0.3921428571428571
    ],
    "bona_sfs_tf_kmeansPlus_purity": [
        0.17357142857142857,
        0.2575,
        0.22714285714285715,
        0.31857142857142856,
        0.3364285714285714,
        0.33035714285714285,
        0.3078571428571429,
        0.31535714285714284,
        0.3603571428571429
    ],
    "bona_sfs_tfIdf_kmeansPlus_purity": [
        0.18892857142857142,
        0.2892857142857143,
        0.3964285714285714,
        0.44142857142857145,
        0.5128571428571429,
        0.4975,
        0.5360714285714285,
        0.5207142857142857,
        0.5739285714285715
    ],
    "bona_sfs_tfIdfIcf_kmeansPlus_purity": [
        0.18214285714285713,
        0.19642857142857142,
        0.25857142857142856,
        0.29892857142857143,
        0.27071428571428574,
        0.28464285714285714,
        0.36178571428571427,
        0.5364285714285715,
        0.2875
    ],
    "boaw_tfrf_tf_kmeansPlus_purity": [
        0.2571428571428571,
        0.32107142857142856,
        0.33964285714285714,
        0.41035714285714286,
        0.41714285714285715,
        0.445,
        0.43714285714285717,
        0.4617857142857143,
        0.48392857142857143
    ],
    "boaw_tfrf_tfIdf_kmeansPlus_purity": [
        0.2757142857142857,
        0.38035714285714284,
        0.48214285714285715,
        0.5946428571428571,
        0.6335714285714286,
        0.6378571428571429,
        0.7264285714285714,
        0.6514285714285715,
        0.6775
    ],
    "boaw_tfrf_tfIdfIcf_kmeansPlus_purity": [
        0.16035714285714286,
        0.23392857142857143,
        0.15,
        0.2892857142857143,
        0.2596428571428571,
        0.26571428571428574,
        0.42892857142857144,
        0.4475,
        0.4014285714285714
    ],
    "bon_tfrf_tf_kmeansPlus_purity": [
        0.21357142857142858,
        0.26607142857142857,
        0.24535714285714286,
        0.26357142857142857,
        0.23642857142857143,
        0.2775,
        0.2814285714285714,
        0.255,
        0.30392857142857144
    ],
    "bon_tfrf_tfIdf_kmeansPlus_purity": [
        0.25642857142857145,
        0.36607142857142855,
        0.45,
        0.5028571428571429,
        0.5228571428571429,
        0.5157142857142857,
        0.6660714285714285,
        0.6660714285714285,
        0.56
    ],
    "bon_tfrf_tfIdfIcf_kmeansPlus_purity": [
        0.15535714285714286,
        0.14607142857142857,
        0.16892857142857143,
        0.27071428571428574,
        0.3296428571428571,
        0.2817857142857143,
        0.32071428571428573,
        0.19357142857142856,
        0.18
    ],
    "bona_tfrf_tf_kmeansPlus_purity": [
        0.2275,
        0.31035714285714283,
        0.34035714285714286,
        0.3560714285714286,
        0.315,
        0.38642857142857145,
        0.3325,
        0.32071428571428573,
        0.3192857142857143
    ],
    "bona_tfrf_tfIdf_kmeansPlus_purity": [
        0.2621428571428571,
        0.3389285714285714,
        0.4575,
        0.5417857142857143,
        0.5260714285714285,
        0.6167857142857143,
        0.6442857142857142,
        0.5525,
        0.6214285714285714
    ],
    "bona_tfrf_tfIdfIcf_kmeansPlus_purity": [
        0.19357142857142856,
        0.2067857142857143,
        0.185,
        0.3360714285714286,
        0.2839285714285714,
        0.24928571428571428,
        0.25035714285714283,
        0.5317857142857143,
        0.31607142857142856
    ],
    "boaw_sr_tf_spherKmeans_purity": [
        0.2646428571428571,
        0.30214285714285716,
        0.39357142857142857,
        0.4025,
        0.45,
        0.4632142857142857,
        0.5207142857142857,
        0.485,
        0.5117857142857143
    ],