{
    "boaw_sr_tf_kmeansPlus_purity": [
        0.25142857142857145,
        0.31857142857142856,
        0.3439285714285714,
        0.40535714285714286,
        0.3657142857142857,
        0.41035714285714286,
        0.3510714285714286,
        0.3871428571428571,
        0.4042857142857143
    ],
    "boaw_sr_tfIdf_kmeansPlus_purity": [
        0.27035714285714285,
        0.3732142857142857,
        0.45607142857142857,
        0.4982142857142857,
        0.5707142857142857,
        0.65,
        0.6107142857142858,
        0.5685714285714286,
        0.6642857142857143
    ],
    "boaw_sr_tfIdfIcf_kmeansPlus_purity": [
        0.14857142857142858,
        0.1492857142857143,
        0.30214285714285716,
        0.22428571428571428,
        0.28964285714285715,
        0.30857142857142855,
        0.38785714285714284,
        0.33,
        0.25785714285714284
    ],
    "bon_sr_tf_kmeansPlus_purity": [
        0.2082142857142857,
        0.1682142857142857,
        0.19357142857142856,
        0.20964285714285713,
        0.2571428571428571,
        0.23714285714285716,
        0.3082142857142857,
        0.2842857142857143,
        0.23785714285714285
    ],
    "bon_sr_tfIdf_kmeansPlus_purity": [
        0.24142857142857144,
        0.3132142857142857,
        0.3732142857142857,
        0.44285714285714284,
        0.3375,
        0.4303571428571429,
        0.4660714285714286,
        0.4589285714285714,
        0.41214285714285714
    ],
    "bon_sr_tfIdfIcf_kmeansPlus_purity": [
        0.15785714285714286,
        0.14821428571428572,
        0.15678571428571428,
        0.2789285714285714,
        0.28,
        0.21714285714285714,
        0.2317857142857143,
        0.33535714285714285,
        0.32107142857142856
    ],
    "bona_sr_tf_kmeansPlus_purity": [
        0.16107142857142856,
        0.2025,
        0.17964285714285713,
        0.2832142857142857,
        0.2807142857142857,
        0.2667857142857143,
        0.2885714285714286,
        0.26821428571428574,
        0.3335714285714286
    ],
    "bona_sr_tfIdf_kmeansPlus_purity": [
        0.2625,
        0.30357142857142855,
        0.37,
        0.3921428571428571,
        0.41285714285714287,
        0.4135714285714286,
        0.48642857142857143,
        0.4521428571428571,
        0.5367857142857143
    ],
    "bona_sr_tfIdfIcf_kmeansPlus_purity": [
        0.22,
        0.16857142857142857,
        0.20357142857142857,
        0.16214285714285714,
        0.2342857142857143,
        0.23857142857142857,
        0.3925,
        0.37714285714285717,
        0.2532142857142857
    ],
    "boaw_sfs_tf_kmeansPlus_purity": [
        0.17392857142857143,
        0.2735714285714286,
        0.3407142857142857,
        0.3510714285714286,
        0.41285714285714287,
        0.41892857142857143,
        0.40964285714285714,
        0.44035714285714284,
        0.44035714285714284
    ],
    "boaw_sfs_tfIdf_kmeansPlus_purity": [
        0.25392857142857145,
        0.3221428571428571,
        0.4207142857142857,
        0.49785714285714283,
        0.5828571428571429,
        0.5917857142857142,
        0.6842857142857143,
        0.66,
        0.7717857142857143
    ],
    "boaw_sfs_tfIdfIcf_kmeansPlus_purity": [
        0.18428571428571427,
        0.15964285714285714,
        0.19214285714285714,
        0.26071428571428573,
        0.43357142857142855,
        0.31642857142857145,
        0.39107142857142857,
        0.48214285714285715,
        0.3142857142857143
    ],
    "bon_sfs_tf_kmeansPlus_purity": [
        0.1725,
        0.25107142857142856,
        0.2875,
        0.3825,
        0.3892857142857143,
        0.37857142857142856,
        0.3435714285714286,
        0.39071428571428574,
        0.36214285714285716
    ],
    "bon_sfs_tfIdf_kmeansPlus_purity": [
        0.24714285714285714,
        0.295,
        0.38535714285714284,
        0.465,
        0.5164285714285715,
        0.4853571428571429,
        0.5175,
        0.6228571428571429,
        0.6471428571428571
    ],
    "bon_sfs_tfIdfIcf_kmeansPlus_purity": [
        0.17892857142857144,
        0.25857142857142856,
        0.20392857142857143,
        0.2910714285714286,
        0.32321428571428573,
        0.32142857142857145,
        0.41785714285714287,
        0.3078571428571429,
        0.28464285714285714
    ],
    "bona_sfs_tf_kmeansPlus_purity": [
        0.17214285714285715,
        0.2725,
        0.30464285714285716,
        0.3053571428571429,
        0.32107142857142856,
        0.32107142857142856,
        0.3225,
        0.3132142857142857,
        0.2782142857142857
    ],
    "bona_sfs_tfIdf_kmeansPlus_purity": [
        0.2282142857142857,
        0.2892857142857143,
        0.40785714285714286,
        0.4325,
        0.5160714285714286,
        0.5207142857142857,
        0.5032142857142857,
        0.5089285714285714,
        0.5092857142857142
    ],
    "bona_sfs_tfIdfIcf_kmeansPlus_purity": [
        0.18285714285714286,
        0.18678571428571428,
        0.19892857142857143,
        0.25392857142857145,
        0.2725,
        0.33964285714285714,
        0.25214285714285717,
        0.3475,
        0.2985714285714286
    ],
    "boaw_tfrf_tf_kmeansPlus_purity": [
        0.24964285714285714,
        0.3485714285714286,
        0.4007142857142857,
        0.3982142857142857,
        0.3582142857142857,
        0.45357142857142857,
        0.415,
        0.45821428571428574,
        0.5092857142857142
    ],
    "boaw_tfrf_tfIdf_kmeansPlus_purity": [
        0.2575,
        0.39107142857142857,
        0.4707142857142857,
        0.5339285714285714,
        0.6432142857142857,
        0.6253571428571428,
        0.6957142857142857,
        0.7307142857142858,
        0.7303571428571428
    ],
    "boaw_tfrf_tfIdfIcf_kmeansPlus_purity": [
        0.17464285714285716,
        0.3439285714285714,
        0.15821428571428572,
        0.23,
        0.17714285714285713,
        0.155,
        0.27071428571428574,
        0.3525,
        0.3432142857142857
    ],
    "bon_tfrf_tf_kmeansPlus_purity": [
        0.21785714285714286,
        0.21642857142857144,
        0.25821428571428573,
        0.2625,
        0.26107142857142857,
        0.28,
        0.2907142857142857,
        0.2764285714285714,
        0.2839285714285714
    ],
    "bon_tfrf_tfIdf_kmeansPlus_purity": [
        0.25821428571428573,
        0.3610714285714286,
        0.41678571428571426,
        0.54,
        0.5689285714285715,
        0.5575,
        0.6060714285714286,
        0.6125,
        0.5760714285714286
    ],
    "bon_tfrf_tfIdfIcf_kmeansPlus_purity": [
        0.16035714285714286,
        0.21821428571428572,
        0.21785714285714286,
        0.22392857142857142,
        0.30178571428571427,
        0.265,
        0.23392857142857143,
        0.32321428571428573,
        0.35035714285714287
    ],
    "bona_tfrf_tf_kmeansPlus_purity": [
        0.24285714285714285,
        0.3107142857142857,
        0.3142857142857143,
        0.3289285714285714,
        0.36214285714285716,
        0.3367857142857143,
        0.35892857142857143,
        0.335,
        0.3796428571428571
    ],
    "bona_tfrf_tfIdf_kmeansPlus_purity": [
        0.2692857142857143,
        0.3678571428571429,
        0.49714285714285716,
        0.5403571428571429,
        0.5860714285714286,
        0.6042857142857143,
        0.5917857142857142,
        0.6196428571428572,
        0.6432142857142857
    ],
    "bona_tfrf_tfIdfIcf_kmeansPlus_purity": [
        0.23142857142857143,
        0.18928571428571428,
        0.30214285714285716,
        0.25285714285714284,
        0.21285714285714286,
        0.3439285714285714,
        0.2542857142857143,
        0.2225,
        0.3678571428571429
    ]
}