{
    "boaw_sr_tf_kmeansPlus_purity": 0.3264285714285714,
    "boaw_sr_tfIdf_kmeansPlus_purity": 0.42178571428571426,
    "boaw_sr_tfIdfIcf_kmeansPlus_purity": 0.15,
    "bon_sr_tf_kmeansPlus_purity": 0.22142857142857142,
    "bon_sr_tfIdf_kmeansPlus_purity": 0.34785714285714286,
    "bon_sr_tfIdfIcf_kmeansPlus_purity": 0.245,
    "bona_sr_tf_kmeansPlus_purity": 0.2617857142857143,
    "bona_sr_tfIdf_kmeansPlus_purity": 0.42428571428571427,
    "bona_sr_tfIdfIcf_kmeansPlus_purity": 0.1457142857142857,
    "boaw_sfs_tf_kmeansPlus_purity": 0.29214285714285715,
    "boaw_sfs_tfIdf_kmeansPlus_purity": 0.4225,
    "boaw_sfs_tfIdfIcf_kmeansPlus_purity": 0.2557142857142857,
    "bon_sfs_tf_kmeansPlus_purity": 0.27071428571428574,
    "bon_sfs_tfIdf_kmeansPlus_purity": 0.39571428571428574,
    "bon_sfs_tfIdfIcf_kmeansPlus_purity": 0.2175,
    "bona_sfs_tf_kmeansPlus_purity": 0.24464285714285713,
    "bona_sfs_tfIdf_kmeansPlus_purity": 0.4107142857142857,
    "bona_sfs_tfIdfIcf_kmeansPlus_purity": 0.2725,
    "boaw_tfrf_tf_kmeansPlus_purity": 0.24,
    "boaw_tfrf_tfIdf_kmeansPlus_purity": 0.48892857142857143,
    "boaw_tfrf_tfIdfIcf_kmeansPlus_purity": 0.22428571428571428,
    "bon_tfrf_tf_kmeansPlus_purity": 0.19857142857142857,
    "bon_tfrf_tfIdf_kmeansPlus_purity": 0.3989285714285714,
    "bon_tfrf_tfIdfIcf_kmeansPlus_purity": 0.1975,
    "bona_tfrf_tf_kmeansPlus_purity": 0.2675,
    "bona_tfrf_tfIdf_kmeansPlus_purity": 0.5110714285714286,
    "bona_tfrf_tfIdfIcf_kmeansPlus_purity": 0.24714285714285714,
    "boaw_sr_tf_spherKmeans_purity": 0.47964285714285715,
    "boaw_sr_tfIdf_spherKmeans_purity": 0.6275,
    "boaw_sr_tfIdfIcf_spherKmeans_purity": 0.6057142857142858,
    "bon_sr_tf_spherKmeans_purity": 0.2671428571428571,
    "bon_sr_tfIdf_spherKmeans_purity": 0.5060714285714286,
    "bon_sr_tfIdfIcf_spherKmeans_purity": 0.5707142857142857,
    "bona_sr_tf_spherKmeans_purity": 0.3375,
    "bona_sr_tfIdf_spherKmeans_purity": 0.4367857142857143,
    "bona_sr_tfIdfIcf_spherKmeans_purity": 0.4810714285714286,
    "boaw_sfs_tf_spherKmeans_purity": 0.5117857142857143,
    "boaw_sfs_tfIdf_spherKmeans_purity": 0.5989285714285715,
    "boaw_sfs_tfIdfIcf_spherKmeans_purity": 0.6114285714285714,
    "bon_sfs_tf_spherKmeans_purity": 0.39321428571428574,
    "bon_sfs_tfIdf_spherKmeans_purity": 0.5142857142857142,
    "bon_sfs_tfIdfIcf_spherKmeans_purity": 0.5214285714285715,
    "bona_sfs_tf_spherKmeans_purity": 0.36964285714285716,
    "bona_sfs_tfIdf_spherKmeans_purity": 0.5339285714285714,
    "bona_sfs_tfIdfIcf_spherKmeans_purity": 0.52,
    "boaw_tfrf_tf_spherKmeans_purity": 0.5367857142857143,
    "boaw_tfrf_tfIdf_spherKmeans_purity": 0.7132142857142857,
    "boaw_tfrf_tfIdfIcf_spherKmeans_purity": 0.6614285714285715,
    "bon_tfrf_tf_spherKmeans_purity": 0.3296428571428571,
    "bon_tfrf_tfIdf_spherKmeans_purity": 0.585,
    "bon_tfrf_tfIdfIcf_spherKmeans_purity": 0.5510714285714285,
    "bona_tfrf_tf_spherKmeans_purity": 0.3960714285714286,
    "bona_tfrf_tfIdf_spherKmeans_purity": 0.6214285714285714,
    "bona_tfrf_tfIdfIcf_spherKmeans_purity": 0.6675
}