{
    "boaw_tf_kmeansPlus_silhouette": -0.29667196149153513,
    "boaw_tfIdf_kmeansPlus_silhouette": 0.031077223803038193,
    "boaw_tfIdfIcf_kmeansPlus_silhouette": -0.7630102538474753,
    "bon_tf_kmeansPlus_silhouette": -0.09683237980623811,
    "bon_tfIdf_kmeansPlus_silhouette": 0.1862621943436906,
    "bon_tfIdfIcf_kmeansPlus_silhouette": -0.5327682820506656,
    "bona_tf_kmeansPlus_silhouette": -0.2730415299466829,
    "bona_tfIdf_kmeansPlus_silhouette": 0.18574474975229505,
    "bona_tfIdfIcf_kmeansPlus_silhouette": -0.7303000144163647,
    "boaw_sfs_tf_kmeansPlus_silhouette": -0.11672868513511732,
    "boaw_sfs_tfIdf_kmeansPlus_silhouette": 0.03292609645734878,
    "boaw_sfs_tfIdfIcf_kmeansPlus_silhouette": -0.4454814645519408,
    "bon_sfs_tf_kmeansPlus_silhouette": -0.38725331196334234,
    "bon_sfs_tfIdf_kmeansPlus_silhouette": -0.05036928406425631,
    "bon_sfs_tfIdfIcf_kmeansPlus_silhouette": -0.6382205577701243,
    "bona_sfs_tf_kmeansPlus_silhouette": -0.33357418049409443,
    "bona_sfs_tfIdf_kmeansPlus_silhouette": -0.04980060281415085,
    "bona_sfs_tfIdfIcf_kmeansPlus_silhouette": -0.5491782629611232,
    "boaw_tfrf_tf_kmeansPlus_silhouette": -0.12909697639105278,
    "boaw_tfrf_tfIdf_kmeansPlus_silhouette": 0.0641362668408061,
    "boaw_tfrf_tfIdfIcf_kmeansPlus_silhouette": -0.6746870061597557,
    "bon_tfrf_tf_kmeansPlus_silhouette": 0.001112544780119783,
    "bon_tfrf_tfIdf_kmeansPlus_silhouette": -0.00671328854396215,
    "bon_tfrf_tfIdfIcf_kmeansPlus_silhouette": -0.47384974041410405,
    "bona_tfrf_tf_kmeansPlus_silhouette": -0.15360630892486715,
    "bona_tfrf_tfIdf_kmeansPlus_silhouette": 0.13960680484521598,
    "bona_tfrf_tfIdfIcf_kmeansPlus_silhouette": -0.4780770870144961,
    "boaw_sr_tf_kmeansPlus_silhouette": -0.041429978756027386,
    "boaw_sr_tfIdf_kmeansPlus_silhouette": 0.09791214801370066,
    "boaw_sr_tfIdfIcf_kmeansPlus_silhouette": -0.6841092843358808,
    "bon_sr_tf_kmeansPlus_silhouette": -0.15582965790720862,
    "bon_sr_tfIdf_kmeansPlus_silhouette": 0.032692150088558115,
    "bon_sr_tfIdfIcf_kmeansPlus_silhouette": -0.5866580864954938,
    "bona_sr_tf_kmeansPlus_silhouette": -0.01342759970289352,
    "bona_sr_tfIdf_kmeansPlus_silhouette": -0.046954160814469785,
    "bona_sr_tfIdfIcf_kmeansPlus_silhouette": -0.06892360104382488,
    "boaw_tf_spherKmeans_silhouette": 0.0609884959768278,
    "boaw_tfIdf_spherKmeans_silhouette": 0.163681192373547,
    "boaw_tfIdfIcf_spherKmeans_silhouette": 0.03244757454639424,
    "bon_tf_spherKmeans_silhouette": 0.02036216213011431,
    "bon_tfIdf_spherKmeans_silhouette": 0.18214260319621647,
    "bon_tfIdfIcf_spherKmeans_silhouette": 0.014817885953369818,
    "bona_tf_spherKmeans_silhouette": 0.09372510159577406,
    "bona_tfIdf_spherKmeans_silhouette": 0.19479979046913,
    "bona_tfIdfIcf_spherKmeans_silhouette": 0.09633061678661235,
    "boaw_sfs_tf_spherKmeans_silhouette": 0.017464306234265266,
    "boaw_sfs_tfIdf_spherKmeans_silhouette": -0.006142750635635968,
    "boaw_sfs_tfIdfIcf_spherKmeans_silhouette": -0.10992824534375376,
    "bon_sfs_tf_spherKmeans_silhouette": 0.0058807691266739796,
    "bon_sfs_tfIdf_spherKmeans_silhouette": -0.011699974865580207,
    "bon_sfs_tfIdfIcf_spherKmeans_silhouette": -0.02759311423136658,
    "bona_sfs_tf_spherKmeans_silhouette": 0.006977854331703375,
    "bona_sfs_tfIdf_spherKmeans_silhouette": -0.01433203066566401,
    "bona_sfs_tfIdfIcf_spherKmeans_silhouette": -0.03415418888224751,
    "boaw_tfrf_tf_spherKmeans_silhouette": 0.031229935361923974,
    "boaw_tfrf_tfIdf_spherKmeans_silhouette": 0.08375094507539088,
    "boaw_tfrf_tfIdfIcf_spherKmeans_silhouette": 0.006060353189177619,
    "bon_tfrf_tf_spherKmeans_silhouette": -0.03628544093654452,
    "bon_tfrf_tfIdf_spherKmeans_silhouette": -0.011067960337869994,
    "bon_tfrf_tfIdfIcf_spherKmeans_silhouette": -0.18346999102166145,
    "bona_tfrf_tf_spherKmeans_silhouette": 0.05513072295475644,
    "bona_tfrf_tfIdf_spherKmeans_silhouette": 0.07463808743536528,
    "bona_tfrf_tfIdfIcf_spherKmeans_silhouette": 0.03384562999412818,
    "boaw_sr_tf_spherKmeans_silhouette": 0.03750062676987541,
    "boaw_sr_tfIdf_spherKmeans_silhouette": 0.0755931521527916,
    "boaw_sr_tfIdfIcf_spherKmeans_silhouette": -0.06280860095767123,
    "bon_sr_tf_spherKmeans_silhouette": -0.02650980968620955,
    "bon_sr_tfIdf_spherKmeans_silhouette": -0.0031271324490301793,
    "bon_sr_tfIdfIcf_spherKmeans_silhouette": -0.2597501693774026,
    "bona_sr_tf_spherKmeans_silhouette": -0.005348496610956414,
    "bona_sr_tfIdf_spherKmeans_silhouette": 0.15011979459003288,
    "bona_sr_tfIdfIcf_spherKmeans_silhouette": -0.06036638370707253
}