{
    "boaw_tf_kmeansPlus_silhouette": -0.051913919685584,
    "boaw_tfIdf_kmeansPlus_silhouette": 0.007473070333441653,
    "boaw_tfIdfIcf_kmeansPlus_silhouette": -0.07593471020434492,
    "bon_tf_kmeansPlus_silhouette": -0.04782415713739729,
    "bon_tfIdf_kmeansPlus_silhouette": 0.008722402263487911,
    "bon_tfIdfIcf_kmeansPlus_silhouette": 0.0037484010990454803,
    "bona_tf_kmeansPlus_silhouette": 0.013186556568897266,
    "bona_tfIdf_kmeansPlus_silhouette": 0.008707205921966017,
    "bona_tfIdfIcf_kmeansPlus_silhouette": -0.05977752542218653,
    "boaw_sfs_tf_kmeansPlus_silhouette": 0.10345681332817973,
    "boaw_sfs_tfIdf_kmeansPlus_silhouette": 0.006259881538449705,
    "boaw_sfs_tfIdfIcf_kmeansPlus_silhouette": -0.03061747313364649,
    "bon_sfs_tf_kmeansPlus_silhouette": 0.08139056586391127,
    "bon_sfs_tfIdf_kmeansPlus_silhouette": 0.008630654305598544,
    "bon_sfs_tfIdfIcf_kmeansPlus_silhouette": -0.08461802301910297,
    "bona_sfs_tf_kmeansPlus_silhouette": 0.06337266287978921,
    "bona_sfs_tfIdf_kmeansPlus_silhouette": 0.010685377171311362,
    "bona_sfs_tfIdfIcf_kmeansPlus_silhouette": -0.014697793250798839,
    "boaw_tfrf_tf_kmeansPlus_silhouette": 0.040250696270492325,
    "boaw_tfrf_tfIdf_kmeansPlus_silhouette": 0.006144733913343525,
    "boaw_tfrf_tfIdfIcf_kmeansPlus_silhouette": 0.06412073878155841,
    "bon_tfrf_tf_kmeansPlus_silhouette": 0.05872915383212909,
    "bon_tfrf_tfIdf_kmeansPlus_silhouette": 0.005320692979698541,
    "bon_tfrf_tfIdfIcf_kmeansPlus_silhouette": -0.0016809303169777487,
    "bona_tfrf_tf_kmeansPlus_silhouette": 0.04348120734466746,
    "bona_tfrf_tfIdf_kmeansPlus_silhouette": 0.005751986781139077,
    "bona_tfrf_tfIdfIcf_kmeansPlus_silhouette": 0.034592549419400924,
    "boaw_sr_tf_kmeansPlus_silhouette": 0.03849802162249051,
    "boaw_sr_tfIdf_kmeansPlus_silhouette": 0.007260126486940494,
    "boaw_sr_tfIdfIcf_kmeansPlus_silhouette": -0.032674663917326305,
    "bon_sr_tf_kmeansPlus_silhouette": 0.08294895242797377,
    "bon_sr_tfIdf_kmeansPlus_silhouette": 0.005662982527278103,
    "bon_sr_tfIdfIcf_kmeansPlus_silhouette": -0.04067550863822843,
    "bona_sr_tf_kmeansPlus_silhouette": 0.05901940747642714,
    "bona_sr_tfIdf_kmeansPlus_silhouette": 0.006601174112514083,
    "bona_sr_tfIdfIcf_kmeansPlus_silhouette": 0.01819907561751258,
    "boaw_tf_spherKmeans_silhouette": -0.03818871359528925,
    "boaw_tfIdf_spherKmeans_silhouette": 0.012967335189352848,
    "boaw_tfIdfIcf_spherKmeans_silhouette": -0.02602073378043603,
    "bon_tf_spherKmeans_silhouette": -0.04219901663663898,
    "bon_tfIdf_spherKmeans_silhouette": 0.013504632515236413,
    "bon_tfIdfIcf_spherKmeans_silhouette": -0.02878585115401919,
    "bona_tf_spherKmeans_silhouette": -0.03069667009664643,
    "bona_tfIdf_spherKmeans_silhouette": 0.013787576650628753,
    "bona_tfIdfIcf_spherKmeans_silhouette": -0.028548718623454036,
    "boaw_sfs_tf_spherKmeans_silhouette": -0.01224716240985981,
    "boaw_sfs_tfIdf_spherKmeans_silhouette": 0.012044498870917474,
    "boaw_sfs_tfIdfIcf_spherKmeans_silhouette": -0.013215737548812017,
    "bon_sfs_tf_spherKmeans_silhouette": 0.004412042780310728,
    "bon_sfs_tfIdf_spherKmeans_silhouette": 0.014383071936420928,
    "bon_sfs_tfIdfIcf_spherKmeans_silhouette": -0.02360690247216433,
    "bona_sfs_tf_spherKmeans_silhouette": 0.006369007897874418,
    "bona_sfs_tfIdf_spherKmeans_silhouette": 0.013832071739229922,
    "bona_sfs_tfIdfIcf_spherKmeans_silhouette": -0.019850885828104552,
    "boaw_tfrf_tf_spherKmeans_silhouette": -0.007213288503882692,
    "boaw_tfrf_tfIdf_spherKmeans_silhouette": 0.008486976132193251,
    "boaw_tfrf_tfIdfIcf_spherKmeans_silhouette": -0.021715070675166766,
    "bon_tfrf_tf_spherKmeans_silhouette": 0.005139188633694714,
    "bon_tfrf_tfIdf_spherKmeans_silhouette": 0.00740053554417056,
    "bon_tfrf_tfIdfIcf_spherKmeans_silhouette": -0.027774082683844008,
    "bona_tfrf_tf_spherKmeans_silhouette": 0.011741514018029418,
    "bona_tfrf_tfIdf_spherKmeans_silhouette": 0.008778993608125937,
    "bona_tfrf_tfIdfIcf_spherKmeans_silhouette": -0.028641342798159407,
    "boaw_sr_tf_spherKmeans_silhouette": 0.004041565950773813,
    "boaw_sr_tfIdf_spherKmeans_silhouette": 0.008931880295001244,
    "boaw_sr_tfIdfIcf_spherKmeans_silhouette": -0.027320264245033792,
    "bon_sr_tf_spherKmeans_silhouette": 0.0015569499511374476,
    "bon_sr_tfIdf_spherKmeans_silhouette": 0.007010574058737189,
    "bon_sr_tfIdfIcf_spherKmeans_silhouette": -0.02276641540339487,
    "bona_sr_tf_spherKmeans_silhouette": 0.010224802759267675,
    "bona_sr_tfIdf_spherKmeans_silhouette": 0.008239467999169067,
    "bona_sr_tfIdfIcf_spherKmeans_silhouette": -0.021539175794244657
}