{
    "boaw_sr_tf_kmeansPlus_silhouette": 0.037455652395694365,
    "boaw_sr_tfIdf_kmeansPlus_silhouette": 0.005287362939361095,
    "boaw_sr_tfIdfIcf_kmeansPlus_silhouette": 0.14969292475573012,
    "bon_sr_tf_kmeansPlus_silhouette": 0.08091034313501382,
    "bon_sr_tfIdf_kmeansPlus_silhouette": 0.005866367894238748,
    "bon_sr_tfIdfIcf_kmeansPlus_silhouette": -0.0408316508277006,
    "bona_sr_tf_kmeansPlus_silhouette": 0.06095921052612382,
    "bona_sr_tfIdf_kmeansPlus_silhouette": 0.006165614720579047,
    "bona_sr_tfIdfIcf_kmeansPlus_silhouette": -0.016808712206891972,
    "boaw_sfs_tf_kmeansPlus_silhouette": 0.041711596156267475,
    "boaw_sfs_tfIdf_kmeansPlus_silhouette": 0.008505375968444707,
    "boaw_sfs_tfIdfIcf_kmeansPlus_silhouette": -0.04560707807632795,
    "bon_sfs_tf_kmeansPlus_silhouette": 0.12459742640256902,
    "bon_sfs_tfIdf_kmeansPlus_silhouette": 0.010317782914303963,
    "bon_sfs_tfIdfIcf_kmeansPlus_silhouette": 0.008171595594447786,
    "bona_sfs_tf_kmeansPlus_silhouette": 0.08042467303187362,
    "bona_sfs_tfIdf_kmeansPlus_silhouette": 0.010711213089735855,
    "bona_sfs_tfIdfIcf_kmeansPlus_silhouette": 0.014578033059154468,
    "boaw_tfrf_tf_kmeansPlus_silhouette": 0.05058681714149881,
    "boaw_tfrf_tfIdf_kmeansPlus_silhouette": 0.006084593301032476,
    "boaw_tfrf_tfIdfIcf_kmeansPlus_silhouette": -0.022858484773203257,
    "bon_tfrf_tf_kmeansPlus_silhouette": 0.05893356124401042,
    "bon_tfrf_tfIdf_kmeansPlus_silhouette": 0.004793542803986133,
    "bon_tfrf_tfIdfIcf_kmeansPlus_silhouette": -0.02279867438211804,
    "bona_tfrf_tf_kmeansPlus_silhouette": 0.053843283163909836,
    "bona_tfrf_tfIdf_kmeansPlus_silhouette": 0.006376206334540121,
    "bona_tfrf_tfIdfIcf_kmeansPlus_silhouette": -0.026442156113431682,
    "boaw_sr_tf_spherKmeans_silhouette": -0.004571895879360607,
    "boaw_sr_tfIdf_spherKmeans_silhouette": 0.008000292892791224,
    "boaw_sr_tfIdfIcf_spherKmeans_silhouette": -0.04135618116422013,
    "bon_sr_tf_spherKmeans_silhouette": -0.009378425404892183,
    "bon_sr_tfIdf_spherKmeans_silhouette": 0.008238877122184652,
    "bon_sr_tfIdfIcf_spherKmeans_silhouette": -0.040700250298330784,
    "bona_sr_tf_spherKmeans_silhouette": 0.004101107297267968,
    "bona_sr_tfIdf_spherKmeans_silhouette": 0.007684427201540771,
    "bona_sr_tfIdfIcf_spherKmeans_silhouette": -0.04529535761454949,
    "boaw_sfs_tf_spherKmeans_silhouette": -0.00587382778977385,
    "boaw_sfs_tfIdf_spherKmeans_silhouette": 0.010648228662232041,
    "boaw_sfs_tfIdfIcf_spherKmeans_silhouette": -0.030843227201200685,
    "bon_sfs_tf_spherKmeans_silhouette": -0.017772255377592378,
    "bon_sfs_tfIdf_spherKmeans_silhouette": 0.013975275743322198,
    "bon_sfs_tfIdfIcf_spherKmeans_silhouette": -0.0642414704749119,
    "bona_sfs_tf_spherKmeans_silhouette": -0.0038653943357473196,
    "bona_sfs_tfIdf_spherKmeans_silhouette": 0.012788515030294946,
    "bona_sfs_tfIdfIcf_spherKmeans_silhouette": -0.023798959332685794,
    "boaw_tfrf_tf_spherKmeans_silhouette": 0.0051316135292742955,
    "boaw_tfrf_tfIdf_spherKmeans_silhouette": 0.00807611036666633,
    "boaw_tfrf_tfIdfIcf_spherKmeans_silhouette": -0.03258773240572387,
    "bon_tfrf_tf_spherKmeans_silhouette": -0.014674045929567206,
    "bon_tfrf_tfIdf_spherKmeans_silhouette": 0.006691267234653334,
    "bon_tfrf_tfIdfIcf_spherKmeans_silhouette": -0.025131188228248044,
    "bona_tfrf_tf_spherKmeans_silhouette": 0.010181936293909129,
    "bona_tfrf_tfIdf_spherKmeans_silhouette": 0.008216886614459004,
    "bona_tfrf_tfIdfIcf_spherKmeans_silhouette": -0.03939192727436298
}