{
    "boaw_sr_tf_kmeansPlus_silhouette": [
        0.03599975066231282,
        0.047949929088293146,
        0.03449576452266633,
        0.03359121211086104,
        0.02561753021778068,
        0.01334777297703672,
        0.03258135471587327,
        -0.01869066353153126,
        0.018820745238756306
    ],
    "boaw_sr_tfIdf_kmeansPlus_silhouette": [
        0.004893514296354885,
        0.005771700654436364,
        0.005927770880329603,
        0.007209555881737038,
        0.0074027745369324395,
        0.008684192285220086,
        0.00793988226815899,
        0.007014087065414222,
        0.007117075342657763
    ],
    "boaw_sr_tfIdfIcf_kmeansPlus_silhouette": [
        -0.0009278162795077514,
        -0.004046770820850065,
        -0.017708730604718784,
        -0.02155490965022511,
        -0.0035674844256328372,
        0.001806471130901553,
        -0.011141669804012556,
        -0.0018522007026544826,
        -0.019196379348126163
    ],
    "bon_sr_tf_kmeansPlus_silhouette": [
        0.0829372369394438,
        0.09796659305976069,
        0.0870899602650457,
        0.07074861156068829,
        0.05678450615064418,
        0.01961712413983341,
        0.048060773626304946,
        0.06776153823950033,
        0.04530801596425348
    ],
    "bon_sr_tfIdf_kmeansPlus_silhouette": [
        0.004563000794533032,
        0.005387010337485612,
        0.005534044757968121,
        0.005986473706708561,
        0.007200867511122284,
        0.008261536265743604,
        0.007160071418942579,
        0.009279695113110498,
        0.008566537173648825
    ],
    "bon_sr_tfIdfIcf_kmeansPlus_silhouette": [
        0.006886950080754975,
        0.19360167619051138,
        0.015020315482460751,
        -0.0031779273514139865,
        -0.019448593685182897,
        0.01368439558233794,
        0.015063018222331477,
        -0.005161673410023087,
        -0.009099173997876601
    ],
    "bona_sr_tf_kmeansPlus_silhouette": [
        0.10965482786734478,
        0.08261534099798587,
        0.07714655455134929,
        0.05196629477683428,
        0.06012992448451761,
        0.05696488101976848,
        0.04489227250006663,
        0.049513779465117695,
        0.05160707185781106
    ],
    "bona_sr_tfIdf_kmeansPlus_silhouette": [
        0.004511771703929673,
        0.00579378181868114,
        0.006643409228645976,
        0.006807438697942655,
        0.00716102217757516,
        0.008626540043938617,
        0.00808352322175341,
        0.008286775023089768,
        0.009312538707522194
    ],
    "bona_sr_tfIdfIcf_kmeansPlus_silhouette": [
        0.02563812336919684,
        -0.00563643265211996,
        0.0331277873369492,
        -0.026505378545700026,
        0.014809504138284352,
        0.0040157206134444545,
        0.012086917816884311,
        -0.0377547388775307,
        0.005590144211549515
    ],
    "boaw_sfs_tf_kmeansPlus_silhouette": [
        0.1957195264090765,
        0.11585697664893213,
        0.046245497508138465,
        0.03868355444059664,
        0.029956843236938674,
        0.030220012201543172,
        0.02554268535306609,
        0.020367788714239755,
        0.01834008026084038
    ],
    "boaw_sfs_tfIdf_kmeansPlus_silhouette": [
        0.005167046112855339,
        0.006816396406698507,
        0.008596448106106333,
        0.009485778884402775,
        0.010598059266286227,
        0.010650455453872285,
        0.011099552002184128,
        0.011619152240701069,
        0.010347908108715428
    ],
    "boaw_sfs_tfIdfIcf_kmeansPlus_silhouette": [
        0.00967744142883987,
        0.011574288709870342,
        0.0011492004606418241,
        0.011595509870388397,
        0.011470008258123611,
        -0.0002615002086882387,
        -0.041130357928031644,
        -0.008314487099839911,
        -0.0031439882672871424
    ],
    "bon_sfs_tf_kmeansPlus_silhouette": [
        0.21255639646817445,
        0.12652673969270062,
        0.047144266153873834,
        0.04872067607448276,
        0.04573176141436363,
        0.03793124281708032,
        0.0297829505776759,
        0.02594813011302273,
        0.04117170936166289
    ],
    "bon_sfs_tfIdf_kmeansPlus_silhouette": [
        0.007353112187566201,
        0.008838604889197986,
        0.010313359774716445,
        0.011955501903627243,
        0.013094776139875077,
        0.014172358751860849,
        0.014087058481239707,
        0.014905549262133737,
        0.014384961683180921
    ],
    "bon_sfs_tfIdfIcf_kmeansPlus_silhouette": [
        0.018674025939338347,
        0.010035745338690413,
        0.012954843489098207,
        -0.020190382444524684,
        -0.022410672955283095,
        -0.0037392838311609694,
        -0.03277630102455313,
        0.014178779060906399,
        -0.008237015268776985
    ],
    "bona_sfs_tf_kmeansPlus_silhouette": [
        0.2270798227918585,
        0.1101462846842592,
        0.08171272858827971,
        0.06567137480957312,
        0.06999378381602216,
        0.06758435906337056,
        0.013212063101438257,
        0.04059174568633259,
        0.04732308859690619
    ],
    "bona_sfs_tfIdf_kmeansPlus_silhouette": [
        0.0075158051873494905,
        0.008882876992710427,
        0.009906852197405487,
        0.011173393353826923,
        0.01205171454856271,
        0.012014586338539211,
        0.013625912152320358,
        0.013050936732725858,
        0.011347012235736453
    ],
    "bona_sfs_tfIdfIcf_kmeansPlus_silhouette": [
        0.018731223174573573,
        0.01889317749818454,
        0.012262423626073007,
        -0.01836793892198364,
        0.01711119243173792,
        0.007102757221999709,
        -0.014934285154093355,
        0.005703185533497103,
        0.0005464064714770548
    ],
    "boaw_tfrf_tf_kmeansPlus_silhouette": [
        0.036282149315745346,
        0.03256863800677417,
        0.03432099932897469,
        0.02762439657381318,
        0.015903405567623347,
        0.023738512282874567,
        0.006588138541117864,
        0.02192495470034435,
        0.019064682689289476
    ],
    "boaw_tfrf_tfIdf_kmeansPlus_silhouette": [
        0.004318505434781792,
        0.005162547239353524,
        0.005904562232299975,
        0.007105423868238488,
        0.007577264697158998,
        0.008087969570525391,
        0.006915012146982506,
        0.008065334222653483,
        0.0062413308339432216
    ],
    "boaw_tfrf_tfIdfIcf_kmeansPlus_silhouette": [
        0.020282772661117575,
        0.013035502165709537,
        0.043036020762505296,
        -0.026290017370347956,
        0.000237772901640841,
        -0.015192134468298202,
        -0.027793402313086076,
        -0.01784151278261751,
        -0.0009235036930403471
    ],
    "bon_tfrf_tf_kmeansPlus_silhouette": [
        0.07908226897690154,
        0.056153664665513525,
        0.06460215125824355,
        0.05553014934598836,
        0.06884995354469352,
        0.05828319326589092,
        0.03709553665991562,
        0.05076084579911295,
        0.046210371121084254
    ],
    "bon_tfrf_tfIdf_kmeansPlus_silhouette": [
        0.003402184493610827,
        0.004776492406055368,
        0.005245546629236195,
        0.005702719113499221,
        0.006026511187219302,
        0.005817412037877673,
        0.007408997789862669,
        0.006900998694529878,
        0.007252137810133059
    ],
    "bon_tfrf_tfIdfIcf_kmeansPlus_silhouette": [
        0.10980760717400727,
        0.18073983873224658,
        -0.004722225891407238,
        0.008783549697847672,
        0.004040784711098673,
        -0.022170347878789867,
        -0.003166532807141209,
        -0.05783416846854223,
        -0.03255632506386716
    ],
    "bona_tfrf_tf_kmeansPlus_silhouette": [
        0.06170913858172826,
        0.047726058682846025,
        0.04763813865216144,
        0.0383383807397563,
        0.03614442971774111,
        0.03275436685268416,
        0.03961620748075786,
        0.03767115343927367,
        0.03724313118659063
    ],