{
    "boaw_tf_kmeansPlus_silhouette": -0.051913919685584,
    "boaw_tfIdf_kmeansPlus_silhouette": 0.007473070333441653,
    "boaw_tfIdfIcf_kmeansPlus_silhouette": -0.07593471020434492,
    "bon_tf_kmeansPlus_silhouette": -0.04782415713739729,
    "bon_tfIdf_kmeansPlus_silhouette": 0.008722402263487911,
    "bon_tfIdfIcf_kmeansPlus_silhouette": 0.0037484010990454803,
    "bona_tf_kmeansPlus_silhouette": 0.013186556568897266,
    "bona_tfIdf_kmeansPlus_silhouette": 0.008707205921966017,
    "bona_tfIdfIcf_kmeansPlus_silhouette": -0.05977752542218653,
    "boaw_sfs_tf_kmeansPlus_silhouette": 0.10345681332817973,
    "boaw_sfs_tfIdf_kmeansPlus_silhouette": 0.006259881538449705,
    "boaw_sfs_tfIdfIcf_kmeansPlus_silhouette": -0.03061747313364649,
    "bon_sfs_tf_kmeansPlus_silhouette": 0.08139056586391127,
    "bon_sfs_tfIdf_kmeansPlus_silhouette": 0.008630654305598544,
    "bon_sfs_tfIdfIcf_kmeansPlus_silhouette": -0.08461802301910297,
    "bona_sfs_tf_kmeansPlus_silhouette": 0.06337266287978921,
    "bona_sfs_tfIdf_kmeansPlus_silhouette": 0.010685377171311362,
    "bona_sfs_tfIdfIcf_kmeansPlus_silhouette": -0.014697793250798839,
    "boaw_tfrf_tf_kmeansPlus_silhouette": 0.040250696270492325,
    "boaw_tfrf_tfIdf_kmeansPlus_silhouette": 0.006144733913343525,
    "boaw_tfrf_tfIdfIcf_kmeansPlus_silhouette": 0.06412073878155841,
    "bon_tfrf_tf_kmeansPlus_silhouette": 0.05872915383212909,
    "bon_tfrf_tfIdf_kmeansPlus_silhouette": 0.005320692979698541,
    "bon_tfrf_tfIdfIcf_kmeansPlus_silhouette": -0.0016809303169777487,
    "bona_tfrf_tf_kmeansPlus_silhouette": 0.04348120734466746,
    "bona_tfrf_tfIdf_kmeansPlus_silhouette": 0.005751986781139077,
    "bona_tfrf_tfIdfIcf_kmeansPlus_silhouette": 0.034592549419400924,
    "boaw_sr_tf_kmeansPlus_silhouette": 0.03849802162249051,
    "boaw_sr_tfIdf_kmeansPlus_silhouette": 0.007260126486940494,
    "boaw_sr_tfIdfIcf_kmeansPlus_silhouette": -0.032674663917326305,
    "bon_sr_tf_kmeansPlus_silhouette": 0.08294895242797377,
    "bon_sr_tfIdf_kmeansPlus_silhouette": 0.005662982527278103,
    "bon_sr_tfIdfIcf_kmeansPlus_silhouette": -0.04067550863822843,
    "bona_sr_tf_kmeansPlus_silhouette": 0.05901940747642714,
    "bona_sr_tfIdf_kmeansPlus_silhouette": 0.006601174112514083,
    "bona_sr_tfIdfIcf_kmeansPlus_silhouette": 0.01819907561751258,
    "boaw_tf_spherKmeans_silhouette": -0.03843936835610261,
    "boaw_tfIdf_spherKmeans_silhouette": 0.012728371843977442,
    "boaw_tfIdfIcf_spherKmeans_silhouette": -0.028752230114482445,
    "bon_tf_spherKmeans_silhouette": -0.04748336781717669,
    "bon_tfIdf_spherKmeans_silhouette": 0.013188679522943829,
    "bon_tfIdfIcf_spherKmeans_silhouette": -0.03230418288693688,
    "bona_tf_spherKmeans_silhouette": -0.03493419105137273,
    "bona_tfIdf_spherKmeans_silhouette": 0.013579649114312085,
    "bona_tfIdfIcf_spherKmeans_silhouette": -0.03186039933325444,
    "boaw_sfs_tf_spherKmeans_silhouette": -0.0009757794946906691,
    "boaw_sfs_tfIdf_spherKmeans_silhouette": 0.01123575978625472,
    "boaw_sfs_tfIdfIcf_spherKmeans_silhouette": -0.04013182797928571,
    "bon_sfs_tf_spherKmeans_silhouette": -0.017119693917579018,
    "bon_sfs_tfIdf_spherKmeans_silhouette": 0.013663758299194757,
    "bon_sfs_tfIdfIcf_spherKmeans_silhouette": -0.03646063545546758,
    "bona_sfs_tf_spherKmeans_silhouette": -0.0026057977200294857,
    "bona_sfs_tfIdf_spherKmeans_silhouette": 0.01296890931068891,
    "bona_sfs_tfIdfIcf_spherKmeans_silhouette": -0.03473160950124065,
    "boaw_tfrf_tf_spherKmeans_silhouette": -0.00215190580658815,
    "boaw_tfrf_tfIdf_spherKmeans_silhouette": 0.008032023140339862,
    "boaw_tfrf_tfIdfIcf_spherKmeans_silhouette": -0.03332431102672201,
    "bon_tfrf_tf_spherKmeans_silhouette": -0.009095895087136287,
    "bon_tfrf_tfIdf_spherKmeans_silhouette": 0.007137118296694894,
    "bon_tfrf_tfIdfIcf_spherKmeans_silhouette": -0.04191405238366408,
    "bona_tfrf_tf_spherKmeans_silhouette": -0.00016241969027689819,
    "bona_tfrf_tfIdf_spherKmeans_silhouette": 0.008163985096518878,
    "bona_tfrf_tfIdfIcf_spherKmeans_silhouette": -0.043407513318968326,
    "boaw_sr_tf_spherKmeans_silhouette": -0.004004344268996645,
    "boaw_sr_tfIdf_spherKmeans_silhouette": 0.008373307871850116,
    "boaw_sr_tfIdfIcf_spherKmeans_silhouette": -0.0446661995386132,
    "bon_sr_tf_spherKmeans_silhouette": -0.011743908570323381,
    "bon_sr_tfIdf_spherKmeans_silhouette": 0.006392393674709975,
    "bon_sr_tfIdfIcf_spherKmeans_silhouette": -0.04004715228221194,
    "bona_sr_tf_spherKmeans_silhouette": -0.008835455874602187,
    "bona_sr_tfIdf_spherKmeans_silhouette": 0.007280802748746787,
    "bona_sr_tfIdfIcf_spherKmeans_silhouette": -0.03614935375578355
}