{
    "boaw_sr_tf_kmeansPlus_silhouette": [
        0.03302507348898423,
        0.03314969546105609,
        0.033387513665752516,
        0.023888569770516597,
        0.03311210787087007,
        0.028002559764699942,
        0.03490187900495317,
        0.01726394030575231,
        0.017551147840062602
    ],
    "boaw_sr_tfIdf_kmeansPlus_silhouette": [
        0.004929736774739108,
        0.0056524630501361105,
        0.006828487292035027,
        0.006804214785047204,
        0.007341258429086919,
        0.00857558526602741,
        0.006994894254828176,
        0.007049827249447775,
        0.007957124249062567
    ],
    "boaw_sr_tfIdfIcf_kmeansPlus_silhouette": [
        0.1896024935535375,
        0.026586267613328645,
        -0.016488762251398465,
        -0.02196881456893564,
        -0.021372761703074446,
        -0.02670568824737265,
        0.006880255423195859,
        -0.026449560707006537,
        -0.015045392014447288
    ],
    "bon_sr_tf_kmeansPlus_silhouette": [
        0.09115235855776133,
        0.07816152143964458,
        0.09521491610300935,
        0.07532720363271136,
        0.014330946493310522,
        0.05545441988138737,
        0.003571545630135066,
        -0.001357424056838831,
        0.058939604356370176
    ],
    "bon_sr_tfIdf_kmeansPlus_silhouette": [
        0.004578914417476988,
        0.00550428350176305,
        0.006125106284271415,
        0.006780064283289344,
        0.005505392900008641,
        0.006927506188224335,
        0.0075886618454458574,
        0.008441768013369051,
        0.008983673476016767
    ],
    "bon_sr_tfIdfIcf_kmeansPlus_silhouette": [
        0.14679570022727598,
        0.18277605825230234,
        0.05318914521449971,
        0.016234738692479357,
        -0.015722914729335236,
        0.002337449063579123,
        -0.026657912129179787,
        -0.016178883182789178,
        -0.00066705374514658
    ],
    "bona_sr_tf_kmeansPlus_silhouette": [
        0.10596643524065903,
        0.077912366329049,
        0.07192744498013162,
        0.06086382820979658,
        0.05755998105595371,
        0.05842614529686663,
        0.05121288916306358,
        0.049046455996149804,
        -0.02142895740129897
    ],
    "bona_sr_tfIdf_kmeansPlus_silhouette": [
        0.004675355866408802,
        0.005752169957083207,
        0.0063786203336737655,
        0.00644009274196172,
        0.00671005917804793,
        0.006938949740583547,
        0.008244048565947014,
        0.008098036848544711,
        0.009379417675001866
    ],
    "bona_sr_tfIdfIcf_kmeansPlus_silhouette": [
        0.003914959739832451,
        0.01664775340525691,
        0.018325193889502954,
        0.023638041300948487,
        0.0035205865446683187,
        -0.011572767838957823,
        -0.007136602126430768,
        0.002358018315868973,
        -0.026917773442134498
    ],
    "boaw_sfs_tf_kmeansPlus_silhouette": [
        0.1983649152409034,
        0.031027700877553164,
        0.03882609015882149,
        0.03710525010309872,
        0.03582736354802889,
        0.020773254974352586,
        0.023526983148839196,
        0.02303286080749643,
        0.026374478715425392
    ],
    "boaw_sfs_tfIdf_kmeansPlus_silhouette": [
        0.005167046112855339,
        0.006541959041503568,
        0.008456211787852976,
        0.009485329930828557,
        0.010628671441553973,
        0.010626341614619162,
        0.011393587895447877,
        0.010948680269520682,
        0.011903837063167158
    ],
    "boaw_sfs_tfIdfIcf_kmeansPlus_silhouette": [
        0.010372944757181186,
        0.0067226084658070576,
        0.012282407263455374,
        0.004746438727767749,
        -0.004835712029453372,
        0.010033119087016993,
        -0.01319506794223971,
        -0.01495192612665598,
        -0.034775300776838054
    ],
    "bon_sfs_tf_kmeansPlus_silhouette": [
        0.21255639646817445,
        0.12502372016886268,
        0.07649156760961003,
        0.05031774094439622,
        0.04879898917533688,
        0.03888162745802866,
        0.030413278975593226,
        0.026447582076550166,
        0.02867543469139205
    ],
    "bon_sfs_tfIdf_kmeansPlus_silhouette": [
        0.006509730740885746,
        0.008838604889197986,
        0.010113378044906961,
        0.011966736779200165,
        0.012908177469447226,
        0.013635062536162324,
        0.013379518305203281,
        0.013434455069380475,
        0.01462049344713176
    ],
    "bon_sfs_tfIdfIcf_kmeansPlus_silhouette": [
        0.018174227239791577,
        0.005439958572926169,
        0.01697886162258571,
        0.0026676949468834397,
        0.010054037917028875,
        -0.019910786876067607,
        -0.020583823676373063,
        -0.02138972488107238,
        -0.024502118461576197
    ],
    "bona_sfs_tf_kmeansPlus_silhouette": [
        0.2307339943946186,
        0.04648788660437284,
        0.07076375826778866,
        0.06289821336500746,
        0.05135069103830846,
        0.062045881425843885,
        0.05521801650498257,
        0.04214420476955661,
        0.04519994747859846
    ],
    "bona_sfs_tfIdf_kmeansPlus_silhouette": [
        0.006390629742688007,
        0.008892425480294905,
        0.010060075365318845,
        0.01122926922238409,
        0.012001529483969433,
        0.012736033692790244,
        0.012745237649825962,
        0.0126162284927306,
        0.014295101613578555
    ],
    "bona_sfs_tfIdfIcf_kmeansPlus_silhouette": [
        0.006372317916504749,
        0.022236743264472843,
        -0.006242546634626303,
        0.008512838316795397,
        -0.006595220607617805,
        -0.010848574117943767,
        -0.006176379039431545,
        -0.0034603127131286274,
        -0.019651683051322297
    ],
    "boaw_tfrf_tf_kmeansPlus_silhouette": [
        0.03876224232879967,
        0.03670178937924769,
        0.030259497920801105,
        0.02337097861225784,
        0.025636350971911984,
        0.020223563604735244,
        0.017319118173458947,
        0.008776859391212942,
        0.00788286336557543
    ],
    "boaw_tfrf_tfIdf_kmeansPlus_silhouette": [
        0.004004151868920364,
        0.0053484745295924565,
        0.006226808158368044,
        0.006843453921569463,
        0.00746240972388959,
        0.007484749167992443,
        0.008450495228829303,
        0.00734029552673528,
        0.008092015830402416
    ],
    "boaw_tfrf_tfIdfIcf_kmeansPlus_silhouette": [
        -0.010361939688223874,
        -0.010257849927127888,
        -0.009895622135854232,
        6.220386252094035e-05,
        -0.058023312306592606,
        0.023850362879027653,
        -0.02048858581563393,
        -0.008251546151937066,
        -0.06591902000336484
    ],
    "bon_tfrf_tf_kmeansPlus_silhouette": [
        0.07507751968986051,
        0.02516310933546927,
        0.05938343647514992,
        0.062259959888074534,
        0.0673122888175037,
        0.05892209465420028,
        0.05348202780001567,
        0.05103389327464707,
        0.04426247858606056
    ],
    "bon_tfrf_tfIdf_kmeansPlus_silhouette": [
        0.0033949608610455194,
        0.004560324600462776,
        0.004705097637726852,
        0.005556696736364928,
        0.006241999018924742,
        0.006498300558852643,
        0.0060610444062886,
        0.005916154455205007,
        0.006717784365937338
    ],
    "bon_tfrf_tfIdfIcf_kmeansPlus_silhouette": [
        0.08413426982257684,
        0.014498801674273715,
        0.02204174924286248,
        -0.01478031404836498,
        -0.026709514495420937,
        -0.017815411252744988,
        -0.01388605887875943,
        -0.009991105256124762,
        -0.023476961628338597
    ],
    "bona_tfrf_tf_kmeansPlus_silhouette": [
        0.06607008044087008,
        0.04781883653047639,
        0.046449500252107936,
        0.04209951577634388,
        0.039270360812878595,
        0.04821813392913648,
        0.036088112082096155,
        0.04356852189871179,
        0.029738515034381904
    ],