{
    "boaw_tf_kmeansPlus_silhouette": -0.05543001581065574,
    "boaw_tfIdf_kmeansPlus_silhouette": 0.009597805660860942,
    "boaw_tfIdfIcf_kmeansPlus_silhouette": -0.07548883903991403,
    "bon_tf_kmeansPlus_silhouette": -0.036981011407812625,
    "bon_tfIdf_kmeansPlus_silhouette": 0.013286636294278833,
    "bon_tfIdfIcf_kmeansPlus_silhouette": -0.023596484419600584,
    "bona_tf_kmeansPlus_silhouette": 0.016462649343185053,
    "bona_tfIdf_kmeansPlus_silhouette": 0.013520118482623142,
    "bona_tfIdfIcf_kmeansPlus_silhouette": -0.059356756835595735,
    "boaw_sfs_tf_kmeansPlus_silhouette": 0.040009828798903684,
    "boaw_sfs_tfIdf_kmeansPlus_silhouette": 0.011308741072491295,
    "boaw_sfs_tfIdfIcf_kmeansPlus_silhouette": -0.020068273004748862,
    "bon_sfs_tf_kmeansPlus_silhouette": 0.04457273769538786,
    "bon_sfs_tfIdf_kmeansPlus_silhouette": 0.013782346718124333,
    "bon_sfs_tfIdfIcf_kmeansPlus_silhouette": -0.07987037957741061,
    "bona_sfs_tf_kmeansPlus_silhouette": 0.05184774139440194,
    "bona_sfs_tfIdf_kmeansPlus_silhouette": 0.011337573673884634,
    "bona_sfs_tfIdfIcf_kmeansPlus_silhouette": -0.04663112936942076,
    "boaw_tfrf_tf_kmeansPlus_silhouette": 0.010919955234656711,
    "boaw_tfrf_tfIdf_kmeansPlus_silhouette": 0.007643806568004002,
    "boaw_tfrf_tfIdfIcf_kmeansPlus_silhouette": -0.031209679058371863,
    "bon_tfrf_tf_kmeansPlus_silhouette": 0.04480649944447029,
    "bon_tfrf_tfIdf_kmeansPlus_silhouette": 0.007012710727690014,
    "bon_tfrf_tfIdfIcf_kmeansPlus_silhouette": -0.027675132916314914,
    "bona_tfrf_tf_kmeansPlus_silhouette": 0.033391037731783535,
    "bona_tfrf_tfIdf_kmeansPlus_silhouette": 0.007463711324248149,
    "bona_tfrf_tfIdfIcf_kmeansPlus_silhouette": -0.03709163108942678,
    "boaw_sr_tf_kmeansPlus_silhouette": 0.02914413012447704,
    "boaw_sr_tfIdf_kmeansPlus_silhouette": 0.008140658992420613,
    "boaw_sr_tfIdfIcf_kmeansPlus_silhouette": -0.05722130368193623,
    "bon_sr_tf_kmeansPlus_silhouette": 0.07920780812161596,
    "bon_sr_tfIdf_kmeansPlus_silhouette": 0.007194607947874108,
    "bon_sr_tfIdfIcf_kmeansPlus_silhouette": -0.0408588997473692,
    "bona_sr_tf_kmeansPlus_silhouette": 0.045964610234264125,
    "bona_sr_tfIdf_kmeansPlus_silhouette": 0.007778345536982629,
    "bona_sr_tfIdfIcf_kmeansPlus_silhouette": -0.05142424023690613,
    "boaw_tf_spherKmeans_silhouette": -0.03818871359528925,
    "boaw_tfIdf_spherKmeans_silhouette": 0.012967335189352848,
    "boaw_tfIdfIcf_spherKmeans_silhouette": -0.02602073378043603,
    "bon_tf_spherKmeans_silhouette": -0.04219901663663898,
    "bon_tfIdf_spherKmeans_silhouette": 0.013504632515236413,
    "bon_tfIdfIcf_spherKmeans_silhouette": -0.02878585115401919,
    "bona_tf_spherKmeans_silhouette": -0.03069667009664643,
    "bona_tfIdf_spherKmeans_silhouette": 0.013787576650628753,
    "bona_tfIdfIcf_spherKmeans_silhouette": -0.028548718623454036,
    "boaw_sfs_tf_spherKmeans_silhouette": -0.01224716240985981,
    "boaw_sfs_tfIdf_spherKmeans_silhouette": 0.012044498870917474,
    "boaw_sfs_tfIdfIcf_spherKmeans_silhouette": -0.013215737548812017,
    "bon_sfs_tf_spherKmeans_silhouette": 0.004412042780310728,
    "bon_sfs_tfIdf_spherKmeans_silhouette": 0.014383071936420928,
    "bon_sfs_tfIdfIcf_spherKmeans_silhouette": -0.02360690247216433,
    "bona_sfs_tf_spherKmeans_silhouette": 0.006369007897874418,
    "bona_sfs_tfIdf_spherKmeans_silhouette": 0.013832071739229922,
    "bona_sfs_tfIdfIcf_spherKmeans_silhouette": -0.019850885828104552,
    "boaw_tfrf_tf_spherKmeans_silhouette": -0.007213288503882692,
    "boaw_tfrf_tfIdf_spherKmeans_silhouette": 0.008486976132193251,
    "boaw_tfrf_tfIdfIcf_spherKmeans_silhouette": -0.021715070675166766,
    "bon_tfrf_tf_spherKmeans_silhouette": 0.005139188633694714,
    "bon_tfrf_tfIdf_spherKmeans_silhouette": 0.00740053554417056,
    "bon_tfrf_tfIdfIcf_spherKmeans_silhouette": -0.027774082683844008,
    "bona_tfrf_tf_spherKmeans_silhouette": 0.011741514018029418,
    "bona_tfrf_tfIdf_spherKmeans_silhouette": 0.008778993608125937,
    "bona_tfrf_tfIdfIcf_spherKmeans_silhouette": -0.028641342798159407,
    "boaw_sr_tf_spherKmeans_silhouette": 0.004041565950773813,
    "boaw_sr_tfIdf_spherKmeans_silhouette": 0.008931880295001244,
    "boaw_sr_tfIdfIcf_spherKmeans_silhouette": -0.027320264245033792,
    "bon_sr_tf_spherKmeans_silhouette": 0.0015569499511374476,
    "bon_sr_tfIdf_spherKmeans_silhouette": 0.007010574058737189,
    "bon_sr_tfIdfIcf_spherKmeans_silhouette": -0.02276641540339487,
    "bona_sr_tf_spherKmeans_silhouette": 0.010224802759267675,
    "bona_sr_tfIdf_spherKmeans_silhouette": 0.008239467999169067,
    "bona_sr_tfIdfIcf_spherKmeans_silhouette": -0.021539175794244657
}