{
    "boaw_tf_kmeansPlus_ami": 0.2672180283495099,
    "boaw_tfIdf_kmeansPlus_ami": 0.6097433886730256,
    "boaw_tfIdfIcf_kmeansPlus_ami": 0.5295013891186741,
    "bon_tf_kmeansPlus_ami": 0.3902753967290561,
    "bon_tfIdf_kmeansPlus_ami": 0.5654016512079985,
    "bon_tfIdfIcf_kmeansPlus_ami": 0.48363694713079225,
    "bona_tf_kmeansPlus_ami": 0.24781530930527557,
    "bona_tfIdf_kmeansPlus_ami": 0.6098629654348537,
    "bona_tfIdfIcf_kmeansPlus_ami": 0.5086394422450304,
    "boaw_sfs_tf_kmeansPlus_ami": 0.10339976476054237,
    "boaw_sfs_tfIdf_kmeansPlus_ami": 0.16516667111461425,
    "boaw_sfs_tfIdfIcf_kmeansPlus_ami": 0.04508733516968498,
    "bon_sfs_tf_kmeansPlus_ami": 0.10131640810881035,
    "bon_sfs_tfIdf_kmeansPlus_ami": 0.18050080791843123,
    "bon_sfs_tfIdfIcf_kmeansPlus_ami": 0.11347754745496641,
    "bona_sfs_tf_kmeansPlus_ami": 0.024505683892256557,
    "bona_sfs_tfIdf_kmeansPlus_ami": 0.07695210448559665,
    "bona_sfs_tfIdfIcf_kmeansPlus_ami": 0.040406959790487425,
    "boaw_tfrf_tf_kmeansPlus_ami": 0.0838861871913501,
    "boaw_tfrf_tfIdf_kmeansPlus_ami": 0.0984224149259461,
    "boaw_tfrf_tfIdfIcf_kmeansPlus_ami": 0.07430948053423773,
    "bon_tfrf_tf_kmeansPlus_ami": 0.0829640868332943,
    "bon_tfrf_tfIdf_kmeansPlus_ami": 0.18740564476501778,
    "bon_tfrf_tfIdfIcf_kmeansPlus_ami": 0.2053318864725814,
    "bona_tfrf_tf_kmeansPlus_ami": 0.0845754169574966,
    "bona_tfrf_tfIdf_kmeansPlus_ami": 0.054008665471978835,
    "bona_tfrf_tfIdfIcf_kmeansPlus_ami": 0.05591584449285173,
    "boaw_sr_tf_kmeansPlus_ami": 0.07948331403712047,
    "boaw_sr_tfIdf_kmeansPlus_ami": 0.09866764627723991,
    "boaw_sr_tfIdfIcf_kmeansPlus_ami": 0.0478820744292132,
    "bon_sr_tf_kmeansPlus_ami": 0.09964106666430601,
    "bon_sr_tfIdf_kmeansPlus_ami": 0.1256373074592066,
    "bon_sr_tfIdfIcf_kmeansPlus_ami": 0.1725272417265155,
    "bona_sr_tf_kmeansPlus_ami": 0.02426638603667881,
    "bona_sr_tfIdf_kmeansPlus_ami": 0.10015897220372835,
    "bona_sr_tfIdfIcf_kmeansPlus_ami": 0.0800795223710137,
    "boaw_tf_spherKmeans_ami": 0.49903754173844667,
    "boaw_tfIdf_spherKmeans_ami": 0.7150048492524994,
    "boaw_tfIdfIcf_spherKmeans_ami": 0.671336501390205,
    "bon_tf_spherKmeans_ami": 0.6840074711759024,
    "bon_tfIdf_spherKmeans_ami": 0.7183918984170221,
    "bon_tfIdfIcf_spherKmeans_ami": 0.6767026830713085,
    "bona_tf_spherKmeans_ami": 0.4101490617476926,
    "bona_tfIdf_spherKmeans_ami": 0.7054778547295314,
    "bona_tfIdfIcf_spherKmeans_ami": 0.6821697437539174,
    "boaw_sfs_tf_spherKmeans_ami": 0.10380808028896422,
    "boaw_sfs_tfIdf_spherKmeans_ami": 0.17531501150824083,
    "boaw_sfs_tfIdfIcf_spherKmeans_ami": 0.1848277572123833,
    "bon_sfs_tf_spherKmeans_ami": 0.1052856138721997,
    "bon_sfs_tfIdf_spherKmeans_ami": 0.19537426617009823,
    "bon_sfs_tfIdfIcf_spherKmeans_ami": 0.20593462534944737,
    "bona_sfs_tf_spherKmeans_ami": 0.12655079889598492,
    "bona_sfs_tfIdf_spherKmeans_ami": 0.15259832387052222,
    "bona_sfs_tfIdfIcf_spherKmeans_ami": 0.16025352308152768,
    "boaw_tfrf_tf_spherKmeans_ami": 0.09317398738757532,
    "boaw_tfrf_tfIdf_spherKmeans_ami": 0.060701969864142884,
    "boaw_tfrf_tfIdfIcf_spherKmeans_ami": 0.13146142479212977,
    "bon_tfrf_tf_spherKmeans_ami": 0.10190842019975285,
    "bon_tfrf_tfIdf_spherKmeans_ami": 0.23607464481506077,
    "bon_tfrf_tfIdfIcf_spherKmeans_ami": 0.2981848022980218,
    "bona_tfrf_tf_spherKmeans_ami": 0.11906362096852419,
    "bona_tfrf_tfIdf_spherKmeans_ami": 0.12380091510645368,
    "bona_tfrf_tfIdfIcf_spherKmeans_ami": 0.07347629928566585,
    "boaw_sr_tf_spherKmeans_ami": 0.09168953416997844,
    "boaw_sr_tfIdf_spherKmeans_ami": 0.10935781529835334,
    "boaw_sr_tfIdfIcf_spherKmeans_ami": 0.11613495524945942,
    "bon_sr_tf_spherKmeans_ami": 0.09968329559639759,
    "bon_sr_tfIdf_spherKmeans_ami": 0.13021598276010682,
    "bon_sr_tfIdfIcf_spherKmeans_ami": 0.15090517229158776,
    "bona_sr_tf_spherKmeans_ami": 0.12056724191635011,
    "bona_sr_tfIdf_spherKmeans_ami": 0.05383196773127585,
    "bona_sr_tfIdfIcf_spherKmeans_ami": 0.05835206611919826
}