{
    "boaw_tf_kmeansPlus_ami": 0.2672180283495099,
    "boaw_tfIdf_kmeansPlus_ami": 0.6097433886730256,
    "boaw_tfIdfIcf_kmeansPlus_ami": 0.5295013891186741,
    "bon_tf_kmeansPlus_ami": 0.3902753967290561,
    "bon_tfIdf_kmeansPlus_ami": 0.5654016512079985,
    "bon_tfIdfIcf_kmeansPlus_ami": 0.48363694713079225,
    "bona_tf_kmeansPlus_ami": 0.24781530930527557,
    "bona_tfIdf_kmeansPlus_ami": 0.6098629654348537,
    "bona_tfIdfIcf_kmeansPlus_ami": 0.5086394422450304,
    "boaw_sfs_tf_kmeansPlus_ami": 0.10339976476054237,
    "boaw_sfs_tfIdf_kmeansPlus_ami": 0.16516667111461425,
    "boaw_sfs_tfIdfIcf_kmeansPlus_ami": 0.04508733516968498,
    "bon_sfs_tf_kmeansPlus_ami": 0.10131640810881035,
    "bon_sfs_tfIdf_kmeansPlus_ami": 0.18050080791843123,
    "bon_sfs_tfIdfIcf_kmeansPlus_ami": 0.11347754745496641,
    "bona_sfs_tf_kmeansPlus_ami": 0.024505683892256557,
    "bona_sfs_tfIdf_kmeansPlus_ami": 0.07695210448559665,
    "bona_sfs_tfIdfIcf_kmeansPlus_ami": 0.040406959790487425,
    "boaw_tfrf_tf_kmeansPlus_ami": 0.0838861871913501,
    "boaw_tfrf_tfIdf_kmeansPlus_ami": 0.0984224149259461,
    "boaw_tfrf_tfIdfIcf_kmeansPlus_ami": 0.07430948053423773,
    "bon_tfrf_tf_kmeansPlus_ami": 0.0829640868332943,
    "bon_tfrf_tfIdf_kmeansPlus_ami": 0.18740564476501778,
    "bon_tfrf_tfIdfIcf_kmeansPlus_ami": 0.2053318864725814,
    "bona_tfrf_tf_kmeansPlus_ami": 0.0845754169574966,
    "bona_tfrf_tfIdf_kmeansPlus_ami": 0.054008665471978835,
    "bona_tfrf_tfIdfIcf_kmeansPlus_ami": 0.05591584449285173,
    "boaw_sr_tf_kmeansPlus_ami": 0.07948331403712047,
    "boaw_sr_tfIdf_kmeansPlus_ami": 0.09866764627723991,
    "boaw_sr_tfIdfIcf_kmeansPlus_ami": 0.0478820744292132,
    "bon_sr_tf_kmeansPlus_ami": 0.09964106666430601,
    "bon_sr_tfIdf_kmeansPlus_ami": 0.1256373074592066,
    "bon_sr_tfIdfIcf_kmeansPlus_ami": 0.1725272417265155,
    "bona_sr_tf_kmeansPlus_ami": 0.02426638603667881,
    "bona_sr_tfIdf_kmeansPlus_ami": 0.10015897220372835,
    "bona_sr_tfIdfIcf_kmeansPlus_ami": 0.0800795223710137,
    "boaw_tf_spherKmeans_ami": 0.40606927677084714,
    "boaw_tfIdf_spherKmeans_ami": 0.5095817053485813,
    "boaw_tfIdfIcf_spherKmeans_ami": 0.48455316540691995,
    "bon_tf_spherKmeans_ami": 0.3999480840070333,
    "bon_tfIdf_spherKmeans_ami": 0.5064254153769244,
    "bon_tfIdfIcf_spherKmeans_ami": 0.47688254464120555,
    "bona_tf_spherKmeans_ami": 0.4238591677075018,
    "bona_tfIdf_spherKmeans_ami": 0.525854548507527,
    "bona_tfIdfIcf_spherKmeans_ami": 0.47390439481209434,
    "boaw_sfs_tf_spherKmeans_ami": 0.1396627726648303,
    "boaw_sfs_tfIdf_spherKmeans_ami": 0.2291528141163331,
    "boaw_sfs_tfIdfIcf_spherKmeans_ami": 0.21712789156913193,
    "bon_sfs_tf_spherKmeans_ami": 0.15692311108554766,
    "bon_sfs_tfIdf_spherKmeans_ami": 0.24150350980906166,
    "bon_sfs_tfIdfIcf_spherKmeans_ami": 0.20581875117091233,
    "bona_sfs_tf_spherKmeans_ami": 0.10253612019273639,
    "bona_sfs_tfIdf_spherKmeans_ami": 0.22082356047657536,
    "bona_sfs_tfIdfIcf_spherKmeans_ami": 0.1642318989295434,
    "boaw_tfrf_tf_spherKmeans_ami": 0.09663404059001957,
    "boaw_tfrf_tfIdf_spherKmeans_ami": 0.1215378024079742,
    "boaw_tfrf_tfIdfIcf_spherKmeans_ami": 0.13091922609239634,
    "bon_tfrf_tf_spherKmeans_ami": 0.17940221259264183,
    "bon_tfrf_tfIdf_spherKmeans_ami": 0.17185829091462157,
    "bon_tfrf_tfIdfIcf_spherKmeans_ami": 0.20813885459947634,
    "bona_tfrf_tf_spherKmeans_ami": 0.10452854669579596,
    "bona_tfrf_tfIdf_spherKmeans_ami": 0.11116732351325308,
    "bona_tfrf_tfIdfIcf_spherKmeans_ami": 0.11606290169532572,
    "boaw_sr_tf_spherKmeans_ami": 0.07977683991639592,
    "boaw_sr_tfIdf_spherKmeans_ami": 0.11171488433244033,
    "boaw_sr_tfIdfIcf_spherKmeans_ami": 0.12355852647630479,
    "bon_sr_tf_spherKmeans_ami": 0.1484222640786705,
    "bon_sr_tfIdf_spherKmeans_ami": 0.15319120171543935,
    "bon_sr_tfIdfIcf_spherKmeans_ami": 0.17041859720193572,
    "bona_sr_tf_spherKmeans_ami": 0.1018352241634435,
    "bona_sr_tfIdf_spherKmeans_ami": 0.11277794671662443,
    "bona_sr_tfIdfIcf_spherKmeans_ami": 0.12505420031253414
}