{
    "boaw_sr_tf_kmeansPlus_ami": [
        0.002317903941927513,
        0.023331141381411114,
        0.08421281753223939,
        0.07020725060646033,
        0.06825037495293283,
        0.06922827493930472,
        0.069756285439109,
        0.06803017366255495,
        0.08288403587410995
    ],
    "boaw_sr_tfIdf_kmeansPlus_ami": [
        0.03922105461453839,
        0.03672401950425358,
        0.10239974468736611,
        0.09990573338481802,
        0.10495866839091661,
        0.10724501714461229,
        0.09496561902898099,
        0.12077628211869983,
        0.10704003256834257
    ],
    "boaw_sr_tfIdfIcf_kmeansPlus_ami": [
        0.038813287846645735,
        0.041919345932351575,
        0.03888686813339535,
        0.06910053623401954,
        0.04421269852913388,
        0.11647763153609328,
        0.12083948072341995,
        0.08811925022331672,
        0.1086908262800832
    ],
    "bon_sr_tf_kmeansPlus_ami": [
        0.00594879018126062,
        0.027939656440505632,
        0.08228119850779425,
        0.09526696415505657,
        0.14379025639029858,
        0.14257260869070598,
        0.15548477335556574,
        0.12499393629785116,
        0.12469549480006466
    ],
    "bon_sr_tfIdf_kmeansPlus_ami": [
        0.0840263599051359,
        0.0817026333528127,
        0.11715732406396787,
        0.1289973591957133,
        0.16967258182504427,
        0.1593725956035747,
        0.155773834718751,
        0.1666566906532878,
        0.14241807156541833
    ],
    "bon_sr_tfIdfIcf_kmeansPlus_ami": [
        0.07335677727647837,
        0.11160091057432231,
        0.17042080389645026,
        0.16076669116260472,
        0.15130441621097812,
        0.1499200295735868,
        0.11998222960301679,
        0.16871175753243592,
        0.1840815351105048
    ],
    "bona_sr_tf_kmeansPlus_ami": [
        0.0017396950478183687,
        0.023235326137478928,
        0.041108383862173296,
        0.04006142095893373,
        0.08650249868014694,
        0.09439645778482925,
        0.09856250109418917,
        0.07437263706588519,
        0.07506675375019682
    ],
    "bona_sr_tfIdf_kmeansPlus_ami": [
        0.05409490270854249,
        0.03466881790136926,
        0.05178185610740934,
        0.10988019012226424,
        0.10824787860717723,
        0.09914709305764063,
        0.10750024342515882,
        0.1152530539815272,
        0.10123673936670809
    ],
    "bona_sr_tfIdfIcf_kmeansPlus_ami": [
        0.08201805415401885,
        0.08394757202400609,
        0.09931459149330998,
        0.05152280573883619,
        0.0668779455986989,
        0.05498349497437488,
        0.1629791002780461,
        0.12465749809708959,
        0.1085359717380053
    ],
    "boaw_sfs_tf_kmeansPlus_ami": [
        0.0024251732693180276,
        0.02656704860076229,
        0.09628500048637241,
        0.15854108343838666,
        0.08715501829037439,
        0.11751238012581125,
        0.14533219304161274,
        0.14985617655193165,
        0.1290757645797413
    ],
    "boaw_sfs_tfIdf_kmeansPlus_ami": [
        0.0950276774153688,
        0.07234026778221969,
        0.16823425261266603,
        0.2090350943051856,
        0.1895722414876883,
        0.23648481771510108,
        0.2460481249110555,
        0.2159043333082981,
        0.21360909391350513
    ],
    "boaw_sfs_tfIdfIcf_kmeansPlus_ami": [
        0.1035753303707623,
        0.24137402029854355,
        0.1967964996199772,
        0.2786662362543253,
        0.21074634364481715,
        0.24206348468456737,
        0.20880614294738736,
        0.1804621775638068,
        0.1860371463811827
    ],
    "bon_sfs_tf_kmeansPlus_ami": [
        0.005825011963617634,
        0.029909327318088208,
        0.10134821397170074,
        0.16887941698959535,
        0.16566156063939144,
        0.14627565231437537,
        0.1852203176799308,
        0.17530327641614787,
        0.14549561827007518
    ],
    "bon_sfs_tfIdf_kmeansPlus_ami": [
        0.09683963535949912,
        0.232162586901148,
        0.17711421622794724,
        0.17165545921617156,
        0.21800053278139797,
        0.24510683969076302,
        0.2481851109938103,
        0.24369315632584507,
        0.22755287292706125
    ],
    "bon_sfs_tfIdfIcf_kmeansPlus_ami": [
        0.09484236139745726,
        0.24192406716058976,
        0.23769673081321085,
        0.20565698797071283,
        0.24398791004397866,
        0.233183860514676,
        0.1768217499930723,
        0.20571493521678222,
        0.24729967861931018
    ],
    "bona_sfs_tf_kmeansPlus_ami": [
        0.001665748189367872,
        0.02453946733487644,
        0.041316475830991656,
        0.039419923319654215,
        0.08289428708581331,
        0.09074022170578605,
        0.12424399128813364,
        0.10720332175544832,
        0.08896597498288004
    ],
    "bona_sfs_tfIdf_kmeansPlus_ami": [
        0.07434370162733828,
        0.04241984865632539,
        0.13892621842236794,
        0.14452977381461252,
        0.20417403770589063,
        0.19741558561382824,
        0.19048388844724776,
        0.18979380908897592,
        0.20015483880713955
    ],
    "bona_sfs_tfIdfIcf_kmeansPlus_ami": [
        0.06180369527009775,
        0.1667730785367337,
        0.19990443449789855,
        0.04756791963597,
        0.15577307373109112,
        0.12490868279715608,
        0.1840858029648807,
        0.18996152697020702,
        0.138059130173984
    ],
    "boaw_tfrf_tf_kmeansPlus_ami": [
        0.002732622341909822,
        0.02402521491252738,
        0.08339236277229421,
        0.09447258970109663,
        0.0806193639985913,
        0.09141465231342245,
        0.08888244851483865,
        0.08838348472780701,
        0.07617803724962127
    ],
    "boaw_tfrf_tfIdf_kmeansPlus_ami": [
        0.03358665048773888,
        0.05428244217387584,
        0.06976951101006043,
        0.11981355137217059,
        0.11114980277394516,
        0.11767182779646393,
        0.11072373306722352,
        0.11515281687339503,
        0.13346405476759773
    ],
    "boaw_tfrf_tfIdfIcf_kmeansPlus_ami": [
        0.035280233082372395,
        0.1134833607717655,
        0.052275211907358586,
        0.07187210566728346,
        0.13549572412133087,
        0.14386406036715604,
        0.08561409414480282,
        0.12501676398737294,
        0.1426568849182185
    ],
    "bon_tfrf_tf_kmeansPlus_ami": [
        0.005675919410685691,
        0.02877085643955232,
        0.09943511355622517,
        0.1637209267668481,
        0.16572919544569284,
        0.1595466877182127,
        0.15857088105896883,
        0.15518267170764435,
        0.1468364324290675
    ],
    "bon_tfrf_tfIdf_kmeansPlus_ami": [
        0.12461153903215962,
        0.15080073364166116,
        0.2129353268702927,
        0.24305274982827893,
        0.19052587649272854,
        0.20416955835610656,
        0.18938521401463856,
        0.17484103313253704,
        0.1819906681193567
    ],
    "bon_tfrf_tfIdfIcf_kmeansPlus_ami": [
        0.19091934003993113,
        0.209595912653289,
        0.251055004509176,
        0.22523202533254097,
        0.22941701081198018,
        0.24670265951535242,
        0.20169051227033466,
        0.22824503935941756,
        0.23758786428936043
    ],
    "bona_tfrf_tf_kmeansPlus_ami": [
        0.001852261503620242,
        0.02458768325024996,
        0.041123422430807036,
        0.10175354029224212,
        0.08770383955062801,
        0.10088745089275146,
        0.09398235886356532,
        0.07595632308093492,
        0.08602070623198882
    ],
    "bona_tfrf_tfIdf_kmeansPlus_ami": [
        0.058968462898154154,
        0.034928567059276126,
        0.05386563935059397,
        0.11886063847544177,
        0.11022763777408827,
        0.10722448254363014,
        0.12111322789517805,
        0.15575799676498053,
        0.128267174119866
    ],