{
    "boaw_sr_tf_kmeansPlus_ami": [
        0.0023734779588723554,
        0.02408496028852928,
        0.08059510040674417,
        0.07015871217227374,
        0.07051809515942664,
        0.07273317393408676,
        0.07189836997293646,
        0.07447749915443629,
        0.06284386051489359
    ],
    "boaw_sr_tfIdf_kmeansPlus_ami": [
        0.03922105461453839,
        0.038156237249211626,
        0.10216716815474136,
        0.09866074742891875,
        0.12138766183283464,
        0.12236271667264785,
        0.12674098535834025,
        0.11448980212198917,
        0.09333425168169283
    ],
    "boaw_sr_tfIdfIcf_kmeansPlus_ami": [
        0.04229667390319479,
        0.04072606995320969,
        0.06219509495581153,
        0.110162061783108,
        0.039146033141328675,
        0.11960514966755084,
        0.06779895861543668,
        0.13368740850490832,
        0.1327779580363217
    ],
    "bon_sr_tf_kmeansPlus_ami": [
        0.00594879018126062,
        0.027939656440505632,
        0.08489487250111614,
        0.0947392331350709,
        0.15429336963073675,
        0.12694456670431253,
        0.1505550153420891,
        0.1361336067416232,
        0.12308342271106316
    ],
    "bon_sr_tfIdf_kmeansPlus_ami": [
        0.08263788279705879,
        0.0819729903200826,
        0.12461121289009464,
        0.11832052042381747,
        0.16882378417625174,
        0.16335217590239076,
        0.146517075901379,
        0.15523342701413262,
        0.14612293488105743
    ],
    "bon_sr_tfIdfIcf_kmeansPlus_ami": [
        0.10090845107677857,
        0.08915778124947293,
        0.11429496491486227,
        0.12258272813904607,
        0.09965545658368956,
        0.1405305024417678,
        0.18038217703243145,
        0.17024572799078752,
        0.14043887637538754
    ],
    "bona_sr_tf_kmeansPlus_ami": [
        0.0018393854605669056,
        0.023235326137478928,
        0.041477228367351876,
        0.03989011597848004,
        0.08127546550906359,
        0.09648479796920825,
        0.09267236477733412,
        0.09652325152962805,
        0.08481480477295136
    ],
    "bona_sr_tfIdf_kmeansPlus_ami": [
        0.05409490270854249,
        0.03439635445994146,
        0.0521344066879273,
        0.11252882094252367,
        0.10415690736509978,
        0.1064818543651454,
        0.13059395257445433,
        0.10392302166957366,
        0.11536696725667832
    ],
    "bona_sr_tfIdfIcf_kmeansPlus_ami": [
        0.00742551312506129,
        0.03801458871442964,
        0.06077887275721213,
        0.10419750194848677,
        0.10841720204596024,
        0.12687444350379823,
        0.10118166754247418,
        0.1454272089341356,
        0.12565121278363842
    ],
    "boaw_sfs_tf_kmeansPlus_ami": [
        0.002225705546517031,
        0.026567048600762286,
        0.09766857271802228,
        0.08585700697723184,
        0.08837392930383271,
        0.14554482418045325,
        0.14099846297918628,
        0.1321688674177172,
        0.12107500830350766
    ],
    "boaw_sfs_tfIdf_kmeansPlus_ami": [
        0.09442922244815061,
        0.06051347059982395,
        0.1702006982947204,
        0.20873485291222887,
        0.2098446991174679,
        0.22288212675424282,
        0.220283069918559,
        0.2303458943796866,
        0.2346210845093928
    ],
    "boaw_sfs_tfIdfIcf_kmeansPlus_ami": [
        0.10687833555314977,
        0.21310605345548267,
        0.2739945442728314,
        0.19241249823214046,
        0.22228090601096667,
        0.19096866706873472,
        0.19227584841418266,
        0.2320986456628069,
        0.21643570631976802
    ],
    "bon_sfs_tf_kmeansPlus_ami": [
        0.005935185400996619,
        0.02908467395396001,
        0.10139643474387702,
        0.12185062182585926,
        0.15405816635881017,
        0.17407486229668076,
        0.15447019340225046,
        0.15818115101028965,
        0.13750034399222352
    ],
    "bon_sfs_tfIdf_kmeansPlus_ami": [
        0.09648300837775894,
        0.23246971447177714,
        0.17028908983961955,
        0.1684180632861662,
        0.20975835968964718,
        0.24294110007450265,
        0.25209594132645413,
        0.23487137485446805,
        0.21428834716247339
    ],
    "bon_sfs_tfIdfIcf_kmeansPlus_ami": [
        0.10891192686411931,
        0.23944878348287654,
        0.24212212013202924,
        0.191348994277561,
        0.17792200631874502,
        0.19951249821197392,
        0.20314347932040552,
        0.24405104797291316,
        0.22241352540332568
    ],
    "bona_sfs_tf_kmeansPlus_ami": [
        0.001665748189367872,
        0.02453946733487644,
        0.04281767026663299,
        0.07480188610224461,
        0.08594387160357769,
        0.10755633446325039,
        0.10377421589121955,
        0.09554745898433581,
        0.09513470945420222
    ],
    "bona_sfs_tfIdf_kmeansPlus_ami": [
        0.0821517211690775,
        0.04178123059885824,
        0.1414675513884185,
        0.1938646502426745,
        0.19850450527876334,
        0.20275367574330008,
        0.1741780114172003,
        0.233022203224043,
        0.2039500936010421
    ],
    "bona_sfs_tfIdfIcf_kmeansPlus_ami": [
        0.005912537093291084,
        0.03520706972767694,
        0.12872110492948008,
        0.1466297784107393,
        0.188011242431716,
        0.1469401732674543,
        0.16133982618981002,
        0.17116991625486908,
        0.1709546909294807
    ],
    "boaw_tfrf_tf_kmeansPlus_ami": [
        0.0027326223419098226,
        0.023357069638219045,
        0.08467256266314013,
        0.07964543046167535,
        0.0925793601240895,
        0.08267386325636084,
        0.08625656991439665,
        0.07488983776627879,
        0.07243672081973485
    ],
    "boaw_tfrf_tfIdf_kmeansPlus_ami": [
        0.04142870375690553,
        0.06189420669575332,
        0.11324294478634009,
        0.11673103264510873,
        0.12815994539183567,
        0.11221492406540781,
        0.11718763017591471,
        0.11152609001546844,
        0.1262678747389721
    ],
    "boaw_tfrf_tfIdfIcf_kmeansPlus_ami": [
        0.048939050563226984,
        0.054396129035582615,
        0.1293944734922566,
        0.12591952401673165,
        0.09344773584354313,
        0.12784871772042797,
        0.13864464977622576,
        0.13537019990903051,
        0.10936641891737045
    ],
    "bon_tfrf_tf_kmeansPlus_ami": [
        0.007994988986204874,
        0.028319994345046243,
        0.08338258695256287,
        0.16517458989386788,
        0.14915138825949173,
        0.16170646417745896,
        0.17398327325374688,
        0.16206009430574506,
        0.14683441445502757
    ],
    "bon_tfrf_tfIdf_kmeansPlus_ami": [
        0.12112074321145225,
        0.14394527974566945,
        0.19096336082944534,
        0.19553186453118312,
        0.19789437993024556,
        0.2064620608034885,
        0.20436050282460463,
        0.1877619240342756,
        0.1762004153337968
    ],
    "bon_tfrf_tfIdfIcf_kmeansPlus_ami": [
        0.23252738656071575,
        0.2880519394511088,
        0.24365663221375605,
        0.2457339549794062,
        0.24342940039639524,
        0.2236816692692027,
        0.23205342655226566,
        0.25260956797138634,
        0.21217205292030467
    ],
    "bona_tfrf_tf_kmeansPlus_ami": [
        0.0018522615036202425,
        0.02484797269900677,
        0.024339352133843358,
        0.04119144147868418,
        0.07100950472694263,
        0.07971424528983194,
        0.09804047178424825,
        0.08948960583766537,
        0.08663969302327368
    ],
    "bona_tfrf_tfIdf_kmeansPlus_ami": [
        0.06116822483569598,
        0.03592076913939013,
        0.05202248875096365,
        0.12132904234254142,
        0.11737018654805353,
        0.1242025423540178,
        0.13365553863578056,
        0.11235253815869242,
        0.10967014141439232
    ],