{
    "boaw_tf_kmeansPlus_ami": 0.2672180283495099,
    "boaw_tfIdf_kmeansPlus_ami": 0.6097433886730256,
    "boaw_tfIdfIcf_kmeansPlus_ami": 0.5295013891186741,
    "bon_tf_kmeansPlus_ami": 0.3902753967290561,
    "bon_tfIdf_kmeansPlus_ami": 0.5654016512079985,
    "bon_tfIdfIcf_kmeansPlus_ami": 0.48363694713079225,
    "bona_tf_kmeansPlus_ami": 0.24781530930527557,
    "bona_tfIdf_kmeansPlus_ami": 0.6098629654348537,
    "bona_tfIdfIcf_kmeansPlus_ami": 0.5086394422450304,
    "boaw_sfs_tf_kmeansPlus_ami": 0.10339976476054237,
    "boaw_sfs_tfIdf_kmeansPlus_ami": 0.16516667111461425,
    "boaw_sfs_tfIdfIcf_kmeansPlus_ami": 0.04508733516968498,
    "bon_sfs_tf_kmeansPlus_ami": 0.10131640810881035,
    "bon_sfs_tfIdf_kmeansPlus_ami": 0.18050080791843123,
    "bon_sfs_tfIdfIcf_kmeansPlus_ami": 0.11347754745496641,
    "bona_sfs_tf_kmeansPlus_ami": 0.024505683892256557,
    "bona_sfs_tfIdf_kmeansPlus_ami": 0.07695210448559665,
    "bona_sfs_tfIdfIcf_kmeansPlus_ami": 0.040406959790487425,
    "boaw_tfrf_tf_kmeansPlus_ami": 0.0838861871913501,
    "boaw_tfrf_tfIdf_kmeansPlus_ami": 0.0984224149259461,
    "boaw_tfrf_tfIdfIcf_kmeansPlus_ami": 0.07430948053423773,
    "bon_tfrf_tf_kmeansPlus_ami": 0.0829640868332943,
    "bon_tfrf_tfIdf_kmeansPlus_ami": 0.18740564476501778,
    "bon_tfrf_tfIdfIcf_kmeansPlus_ami": 0.2053318864725814,
    "bona_tfrf_tf_kmeansPlus_ami": 0.0845754169574966,
    "bona_tfrf_tfIdf_kmeansPlus_ami": 0.054008665471978835,
    "bona_tfrf_tfIdfIcf_kmeansPlus_ami": 0.05591584449285173,
    "boaw_sr_tf_kmeansPlus_ami": 0.07948331403712047,
    "boaw_sr_tfIdf_kmeansPlus_ami": 0.09866764627723991,
    "boaw_sr_tfIdfIcf_kmeansPlus_ami": 0.0478820744292132,
    "bon_sr_tf_kmeansPlus_ami": 0.09964106666430601,
    "bon_sr_tfIdf_kmeansPlus_ami": 0.1256373074592066,
    "bon_sr_tfIdfIcf_kmeansPlus_ami": 0.1725272417265155,
    "bona_sr_tf_kmeansPlus_ami": 0.02426638603667881,
    "bona_sr_tfIdf_kmeansPlus_ami": 0.10015897220372835,
    "bona_sr_tfIdfIcf_kmeansPlus_ami": 0.0800795223710137,
    "boaw_tf_spherKmeans_ami": 0.46013058497398096,
    "boaw_tfIdf_spherKmeans_ami": 0.5767708205319378,
    "boaw_tfIdfIcf_spherKmeans_ami": 0.6293240077470491,
    "bon_tf_spherKmeans_ami": 0.4614290406675129,
    "bon_tfIdf_spherKmeans_ami": 0.5913558536748154,
    "bon_tfIdfIcf_spherKmeans_ami": 0.6351007361054212,
    "bona_tf_spherKmeans_ami": 0.47552972019940415,
    "bona_tfIdf_spherKmeans_ami": 0.5739909328662318,
    "bona_tfIdfIcf_spherKmeans_ami": 0.6236246612703932,
    "boaw_sfs_tf_spherKmeans_ami": 0.1488944518740496,
    "boaw_sfs_tfIdf_spherKmeans_ami": 0.249032966427499,
    "boaw_sfs_tfIdfIcf_spherKmeans_ami": 0.23941459395806855,
    "bon_sfs_tf_spherKmeans_ami": 0.1703305060415943,
    "bon_sfs_tfIdf_spherKmeans_ami": 0.26910489491582334,
    "bon_sfs_tfIdfIcf_spherKmeans_ami": 0.2358372245415891,
    "bona_sfs_tf_spherKmeans_ami": 0.11855249908602565,
    "bona_sfs_tfIdf_spherKmeans_ami": 0.2371517192168126,
    "bona_sfs_tfIdfIcf_spherKmeans_ami": 0.18515000949703248,
    "boaw_tfrf_tf_spherKmeans_ami": 0.09762373432967401,
    "boaw_tfrf_tfIdf_spherKmeans_ami": 0.12877776216855724,
    "boaw_tfrf_tfIdfIcf_spherKmeans_ami": 0.14709044606676355,
    "bon_tfrf_tf_spherKmeans_ami": 0.1853379591368585,
    "bon_tfrf_tfIdf_spherKmeans_ami": 0.20245889729006405,
    "bon_tfrf_tfIdfIcf_spherKmeans_ami": 0.2511749941546389,
    "bona_tfrf_tf_spherKmeans_ami": 0.11457513428486245,
    "bona_tfrf_tfIdf_spherKmeans_ami": 0.11910600547218265,
    "bona_tfrf_tfIdfIcf_spherKmeans_ami": 0.13679233173465877,
    "boaw_sr_tf_spherKmeans_ami": 0.08074579515846121,
    "boaw_sr_tfIdf_spherKmeans_ami": 0.12382240203338486,
    "boaw_sr_tfIdfIcf_spherKmeans_ami": 0.1391883560360106,
    "bon_sr_tf_spherKmeans_ami": 0.16206812655858258,
    "bon_sr_tfIdf_spherKmeans_ami": 0.17502374012039876,
    "bon_sr_tfIdfIcf_spherKmeans_ami": 0.19725100221744624,
    "bona_sr_tf_spherKmeans_ami": 0.10799463517615841,
    "bona_sr_tfIdf_spherKmeans_ami": 0.12032559147236742,
    "bona_sr_tfIdfIcf_spherKmeans_ami": 0.13794417503872466
}