{
    "boaw_sr_tf_kmeansPlus_ami": 0.02312366299667701,
    "boaw_sr_tfIdf_kmeansPlus_ami": 0.10145591442200014,
    "boaw_sr_tfIdfIcf_kmeansPlus_ami": 0.04306799077971359,
    "bon_sr_tf_kmeansPlus_ami": 0.04411398713550606,
    "bon_sr_tfIdf_kmeansPlus_ami": 0.1238462765961471,
    "bon_sr_tfIdfIcf_kmeansPlus_ami": 0.08353984535399886,
    "bona_sr_tf_kmeansPlus_ami": 0.041477228367351876,
    "bona_sr_tfIdf_kmeansPlus_ami": 0.09899855327863932,
    "bona_sr_tfIdfIcf_kmeansPlus_ami": 0.04054393427725339,
    "boaw_sfs_tf_kmeansPlus_ami": 0.10709547457013062,
    "boaw_sfs_tfIdf_kmeansPlus_ami": 0.1662833304762421,
    "boaw_sfs_tfIdfIcf_kmeansPlus_ami": 0.2118776280533173,
    "bon_sfs_tf_kmeansPlus_ami": 0.03501959525245137,
    "bon_sfs_tfIdf_kmeansPlus_ami": 0.18125729596261844,
    "bon_sfs_tfIdfIcf_kmeansPlus_ami": 0.13270022451562533,
    "bona_sfs_tf_kmeansPlus_ami": 0.024133741902124528,
    "bona_sfs_tfIdf_kmeansPlus_ami": 0.10015059172689947,
    "bona_sfs_tfIdfIcf_kmeansPlus_ami": 0.18978767305745617,
    "boaw_tfrf_tf_kmeansPlus_ami": 0.08440007122365487,
    "boaw_tfrf_tfIdf_kmeansPlus_ami": 0.058268099583437226,
    "boaw_tfrf_tfIdfIcf_kmeansPlus_ami": 0.09246489364072305,
    "bon_tfrf_tf_kmeansPlus_ami": 0.045214263756992376,
    "bon_tfrf_tfIdf_kmeansPlus_ami": 0.14597776978526178,
    "bon_tfrf_tfIdfIcf_kmeansPlus_ami": 0.2500583061225112,
    "bona_tfrf_tf_kmeansPlus_ami": 0.028080356684478006,
    "bona_tfrf_tfIdf_kmeansPlus_ami": 0.09483592570975814,
    "bona_tfrf_tfIdfIcf_kmeansPlus_ami": 0.05710670014647285,
    "boaw_sr_tf_spherKmeans_ami": 0.07852483592339997,
    "boaw_sr_tfIdf_spherKmeans_ami": 0.09945474737709353,
    "boaw_sr_tfIdfIcf_spherKmeans_ami": 0.12837467113532694,
    "bon_sr_tf_spherKmeans_ami": 0.14696096135299905,
    "bon_sr_tfIdf_spherKmeans_ami": 0.1562284458319529,
    "bon_sr_tfIdfIcf_spherKmeans_ami": 0.16705953081103994,
    "bona_sr_tf_spherKmeans_ami": 0.10304890586362757,
    "bona_sr_tfIdf_spherKmeans_ami": 0.13037870418996755,
    "bona_sr_tfIdfIcf_spherKmeans_ami": 0.10594945230625488,
    "boaw_sfs_tf_spherKmeans_ami": 0.147119227450618,
    "boaw_sfs_tfIdf_spherKmeans_ami": 0.2257846414777172,
    "boaw_sfs_tfIdfIcf_spherKmeans_ami": 0.2113912081741995,
    "bon_sfs_tf_spherKmeans_ami": 0.15696515429090524,
    "bon_sfs_tfIdf_spherKmeans_ami": 0.2448024837413231,
    "bon_sfs_tfIdfIcf_spherKmeans_ami": 0.22890522011787992,
    "bona_sfs_tf_spherKmeans_ami": 0.168585879632512,
    "bona_sfs_tfIdf_spherKmeans_ami": 0.23500506733825405,
    "bona_sfs_tfIdfIcf_spherKmeans_ami": 0.1875742774399669,
    "boaw_tfrf_tf_spherKmeans_ami": 0.09590680132419953,
    "boaw_tfrf_tfIdf_spherKmeans_ami": 0.12068899631798288,
    "boaw_tfrf_tfIdfIcf_spherKmeans_ami": 0.11748150754853563,
    "bon_tfrf_tf_spherKmeans_ami": 0.1792996859377214,
    "bon_tfrf_tfIdf_spherKmeans_ami": 0.2095889552005619,
    "bon_tfrf_tfIdfIcf_spherKmeans_ami": 0.20672163646687713,
    "bona_tfrf_tf_spherKmeans_ami": 0.1017560391490438,
    "bona_tfrf_tfIdf_spherKmeans_ami": 0.10727684078636447,
    "bona_tfrf_tfIdfIcf_spherKmeans_ami": 0.16086236531562348
}