{
    "boaw_sr_tf_kmeansPlus_purity": [
        0.27025,
        0.29175,
        0.36325,
        0.3485,
        0.3545,
        0.35575,
        0.36225,
        0.36275,
        0.37525
    ],
    "boaw_sr_tfIdf_kmeansPlus_purity": [
        0.29825,
        0.32775,
        0.38175,
        0.41025,
        0.4225,
        0.4405,
        0.4165,
        0.47,
        0.4255
    ],
    "boaw_sr_tfIdfIcf_kmeansPlus_purity": [
        0.29675,
        0.339,
        0.3415,
        0.377,
        0.35175,
        0.396,
        0.45225,
        0.422,
        0.404
    ],
    "bon_sr_tf_kmeansPlus_purity": [
        0.2785,
        0.29825,
        0.35675,
        0.3575,
        0.425,
        0.42075,
        0.4415,
        0.412,
        0.4155
    ],
    "bon_sr_tfIdf_kmeansPlus_purity": [
        0.344,
        0.3945,
        0.4025,
        0.40675,
        0.459,
        0.465,
        0.48275,
        0.49475,
        0.4575
    ],
    "bon_sr_tfIdfIcf_kmeansPlus_purity": [
        0.33075,
        0.4335,
        0.44525,
        0.45225,
        0.45875,
        0.4585,
        0.42775,
        0.50275,
        0.4875
    ],
    "bona_sr_tf_kmeansPlus_purity": [
        0.26775,
        0.289,
        0.3055,
        0.314,
        0.3715,
        0.37475,
        0.37825,
        0.36275,
        0.36925
    ],
    "bona_sr_tfIdf_kmeansPlus_purity": [
        0.3175,
        0.3205,
        0.32475,
        0.39125,
        0.40325,
        0.40225,
        0.418,
        0.42525,
        0.42175
    ],
    "bona_sr_tfIdfIcf_kmeansPlus_purity": [
        0.34375,
        0.35375,
        0.38675,
        0.3415,
        0.331,
        0.32925,
        0.451,
        0.4685,
        0.42725
    ],
    "boaw_sfs_tf_kmeansPlus_purity": [
        0.27075,
        0.29125,
        0.3655,
        0.4475,
        0.36225,
        0.418,
        0.44175,
        0.45125,
        0.43575
    ],
    "boaw_sfs_tfIdf_kmeansPlus_purity": [
        0.3565,
        0.386,
        0.43225,
        0.49025,
        0.50775,
        0.543,
        0.57,
        0.54375,
        0.5285
    ],
    "boaw_sfs_tfIdfIcf_kmeansPlus_purity": [
        0.36325,
        0.49025,
        0.49325,
        0.55075,
        0.482,
        0.5595,
        0.48975,
        0.49775,
        0.5115
    ],
    "bon_sfs_tf_kmeansPlus_purity": [
        0.278,
        0.29975,
        0.3725,
        0.447,
        0.44225,
        0.441,
        0.48075,
        0.4565,
        0.43725
    ],
    "bon_sfs_tfIdf_kmeansPlus_purity": [
        0.3535,
        0.48625,
        0.44975,
        0.42275,
        0.497,
        0.551,
        0.56075,
        0.55875,
        0.55175
    ],
    "bon_sfs_tfIdfIcf_kmeansPlus_purity": [
        0.34875,
        0.4915,
        0.48825,
        0.46875,
        0.5235,
        0.5045,
        0.44125,
        0.49775,
        0.55475
    ],
    "bona_sfs_tf_kmeansPlus_purity": [
        0.2675,
        0.2895,
        0.30475,
        0.3125,
        0.3715,
        0.3905,
        0.4205,
        0.38975,
        0.39075
    ],
    "bona_sfs_tfIdf_kmeansPlus_purity": [
        0.337,
        0.32525,
        0.3985,
        0.3955,
        0.49925,
        0.47525,
        0.521,
        0.5185,
        0.509
    ],
    "bona_sfs_tfIdfIcf_kmeansPlus_purity": [
        0.32175,
        0.42775,
        0.452,
        0.33075,
        0.44075,
        0.42875,
        0.473,
        0.4965,
        0.43825
    ],
    "boaw_tfrf_tf_kmeansPlus_purity": [
        0.272,
        0.2925,
        0.362,
        0.36325,
        0.35225,
        0.38825,
        0.3705,
        0.38525,
        0.3695
    ],
    "boaw_tfrf_tfIdf_kmeansPlus_purity": [
        0.3245,
        0.36325,
        0.361,
        0.38575,
        0.4255,
        0.43275,
        0.41525,
        0.4415,
        0.47075
    ],
    "boaw_tfrf_tfIdfIcf_kmeansPlus_purity": [
        0.325,
        0.357,
        0.3385,
        0.36175,
        0.39825,
        0.40375,
        0.36325,
        0.41475,
        0.41675
    ],
    "bon_tfrf_tf_kmeansPlus_purity": [
        0.278,
        0.297,
        0.374,
        0.43925,
        0.43575,
        0.4365,
        0.435,
        0.43525,
        0.43725
    ],
    "bon_tfrf_tfIdf_kmeansPlus_purity": [
        0.3725,
        0.46475,
        0.50625,
        0.515,
        0.469,
        0.538,
        0.4975,
        0.5025,
        0.528
    ],
    "bon_tfrf_tfIdfIcf_kmeansPlus_purity": [
        0.3955,
        0.40675,
        0.52575,
        0.47925,
        0.50275,
        0.4865,
        0.505,
        0.50575,
        0.517
    ],
    "bona_tfrf_tf_kmeansPlus_purity": [
        0.26825,
        0.2905,
        0.3065,
        0.3845,
        0.368,
        0.38325,
        0.393,
        0.36925,
        0.38525
    ],
    "bona_tfrf_tfIdf_kmeansPlus_purity": [
        0.322,
        0.32525,
        0.32575,
        0.39625,
        0.42025,
        0.41625,
        0.42825,
        0.47275,
        0.44875
    ],
    "bona_tfrf_tfIdfIcf_kmeansPlus_purity": [
        0.33875,
        0.35175,
        0.35925,
        0.3985,
        0.3995,
        0.406,
        0.4005,
        0.41175,
        0.42575
    ]
}