{
    "boaw_sr_tf_kmeansPlus_purity": [
        0.2705,
        0.2925,
        0.3575,
        0.3485,
        0.357,
        0.35725,
        0.36525,
        0.375,
        0.36125
    ],
    "boaw_sr_tfIdf_kmeansPlus_purity": [
        0.29825,
        0.33475,
        0.38175,
        0.41525,
        0.45775,
        0.453,
        0.47125,
        0.44125,
        0.4365
    ],
    "boaw_sr_tfIdfIcf_kmeansPlus_purity": [
        0.3035,
        0.33775,
        0.3735,
        0.38625,
        0.32975,
        0.42175,
        0.39375,
        0.45925,
        0.46425
    ],
    "bon_sr_tf_kmeansPlus_purity": [
        0.2785,
        0.29825,
        0.36,
        0.3575,
        0.42725,
        0.4125,
        0.4415,
        0.42575,
        0.41125
    ],
    "bon_sr_tfIdf_kmeansPlus_purity": [
        0.344,
        0.3955,
        0.411,
        0.3845,
        0.4585,
        0.469,
        0.45125,
        0.45925,
        0.4755
    ],
    "bon_sr_tfIdfIcf_kmeansPlus_purity": [
        0.35525,
        0.3395,
        0.389,
        0.435,
        0.41775,
        0.4115,
        0.47825,
        0.46775,
        0.45625
    ],
    "bona_sr_tf_kmeansPlus_purity": [
        0.26825,
        0.289,
        0.30675,
        0.3105,
        0.373,
        0.37725,
        0.3855,
        0.38925,
        0.39
    ],
    "bona_sr_tfIdf_kmeansPlus_purity": [
        0.3175,
        0.31925,
        0.32475,
        0.395,
        0.4095,
        0.4205,
        0.43325,
        0.43775,
        0.429
    ],
    "bona_sr_tfIdfIcf_kmeansPlus_purity": [
        0.28625,
        0.326,
        0.33925,
        0.39075,
        0.4315,
        0.4285,
        0.38875,
        0.47625,
        0.416
    ],
    "boaw_sfs_tf_kmeansPlus_purity": [
        0.27,
        0.29125,
        0.36775,
        0.36075,
        0.3645,
        0.44675,
        0.44,
        0.446,
        0.43825
    ],
    "boaw_sfs_tfIdf_kmeansPlus_purity": [
        0.356,
        0.36925,
        0.43,
        0.492,
        0.5305,
        0.54575,
        0.54425,
        0.568,
        0.55675
    ],
    "boaw_sfs_tfIdfIcf_kmeansPlus_purity": [
        0.35975,
        0.4465,
        0.52475,
        0.49225,
        0.50875,
        0.4695,
        0.483,
        0.54725,
        0.55
    ],
    "bon_sfs_tf_kmeansPlus_purity": [
        0.27825,
        0.29675,
        0.37225,
        0.38625,
        0.434,
        0.45275,
        0.43675,
        0.4465,
        0.43175
    ],
    "bon_sfs_tfIdf_kmeansPlus_purity": [
        0.354,
        0.48975,
        0.43775,
        0.42675,
        0.4885,
        0.54175,
        0.56175,
        0.5485,
        0.55625
    ],
    "bon_sfs_tfIdfIcf_kmeansPlus_purity": [
        0.35875,
        0.4835,
        0.41775,
        0.45875,
        0.45075,
        0.47325,
        0.4995,
        0.53975,
        0.512
    ],
    "bona_sfs_tf_kmeansPlus_purity": [
        0.2675,
        0.2895,
        0.30675,
        0.3685,
        0.387,
        0.38525,
        0.39125,
        0.389,
        0.39725
    ],
    "bona_sfs_tfIdf_kmeansPlus_purity": [
        0.3445,
        0.32325,
        0.403,
        0.475,
        0.49375,
        0.52825,
        0.48075,
        0.53575,
        0.536
    ],
    "bona_sfs_tfIdfIcf_kmeansPlus_purity": [
        0.2805,
        0.31075,
        0.39075,
        0.41625,
        0.4735,
        0.471,
        0.46225,
        0.50225,
        0.503
    ],
    "boaw_tfrf_tf_kmeansPlus_purity": [
        0.272,
        0.29125,
        0.3625,
        0.36075,
        0.36525,
        0.35925,
        0.3755,
        0.36125,
        0.363
    ],
    "boaw_tfrf_tfIdf_kmeansPlus_purity": [
        0.30175,
        0.37,
        0.389,
        0.382,
        0.4155,
        0.427,
        0.446,
        0.45275,
        0.45475
    ],
    "boaw_tfrf_tfIdfIcf_kmeansPlus_purity": [
        0.306,
        0.3135,
        0.37025,
        0.39675,
        0.39525,
        0.40525,
        0.441,
        0.4405,
        0.42075
    ],
    "bon_tfrf_tf_kmeansPlus_purity": [
        0.28325,
        0.297,
        0.35675,
        0.44025,
        0.4385,
        0.4425,
        0.44925,
        0.442,
        0.43225
    ],
    "bon_tfrf_tfIdf_kmeansPlus_purity": [
        0.36925,
        0.45625,
        0.49125,
        0.47825,
        0.48025,
        0.49175,
        0.5075,
        0.52025,
        0.485
    ],
    "bon_tfrf_tfIdfIcf_kmeansPlus_purity": [
        0.38325,
        0.48375,
        0.487,
        0.48325,
        0.49725,
        0.446,
        0.4685,
        0.53525,
        0.533
    ],
    "bona_tfrf_tf_kmeansPlus_purity": [
        0.26825,
        0.29075,
        0.311,
        0.312,
        0.38125,
        0.3805,
        0.37875,
        0.39575,
        0.38775
    ],
    "bona_tfrf_tfIdf_kmeansPlus_purity": [
        0.32425,
        0.328,
        0.32375,
        0.39925,
        0.427,
        0.43725,
        0.47075,
        0.43525,
        0.4235
    ],
    "bona_tfrf_tfIdfIcf_kmeansPlus_purity": [
        0.334,
        0.35375,
        0.35575,
        0.34225,
        0.407,
        0.42175,
        0.43075,
        0.453,
        0.42725
    ],
    "boaw_sr_tf_spherKmeans_purity": [
        0.28375,
        0.313,
        0.37475,
        0.38575,
        0.40125,
        0.3965,
        0.39725,
        0.39725,
        0.405
    ],
    "boaw_sr_tfIdf_spherKmeans_purity": [
        0.29825,
        0.33225,
        0.37725,
        0.41625,
        0.415,
        0.393,
        0.43,
        0.439,
        0.4375
    ],
    "boaw_sr_tfIdfIcf_spherKmeans_purity": [
        0.29825,
        0.328,
        0.36925,
        0.41175,
        0.4035,
        0.39825,
        0.42075,
        0.4315,
        0.4235
    ],
    "bon_sr_tf_spherKmeans_purity": [
        0.289,
        0.31825,
        0.38475,
        0.46175,
        0.457,
        0.46325,
        0.4605,
        0.4545,
        0.461
    ],
    "bon_sr_tfIdf_spherKmeans_purity": [
        0.344,
        0.39475,
        0.39175,
        0.3975,
        0.45975,
        0.46775,
        0.4915,
        0.46925,
        0.4725
    ],
    "bon_sr_tfIdfIcf_spherKmeans_purity": [
        0.34175,
        0.3835,
        0.39825,
        0.39075,
        0.4435,
        0.4885,
        0.47,
        0.452,
        0.44875
    ],
    "bona_sr_tf_spherKmeans_purity": [
        0.28175,
        0.3145,
        0.393,
        0.40875,
        0.4065,
        0.40425,
        0.4085,
        0.411,
        0.4145
    ],
    "bona_sr_tfIdf_spherKmeans_purity": [
        0.31025,
        0.32,
        0.325,
        0.39375,
        0.4,
        0.416,
        0.39875,
        0.4355,
        0.43675
    ],
    "bona_sr_tfIdfIcf_spherKmeans_purity": [
        0.3235,
        0.3215,
        0.3275,
        0.383,
        0.38875,
        0.39925,
        0.42675,
        0.413,
        0.45725
    ],
    "boaw_sfs_tf_spherKmeans_purity": [
        0.2855,
        0.31725,
        0.3815,
        0.45775,
        0.46975,
        0.4925,
        0.48275,
        0.47375,
        0.5015
    ],
    "boaw_sfs_tfIdf_spherKmeans_purity": [
        0.3565,
        0.4095,
        0.4325,
        0.494,
        0.5125,
        0.5475,
        0.533,
        0.574,
        0.55725
    ],
    "boaw_sfs_tfIdfIcf_spherKmeans_purity": [
        0.34875,
        0.47375,
        0.4305,
        0.47675,
        0.47375,
        0.5435,
        0.5585,
        0.51675,
        0.5215
    ],
    "bon_sfs_tf_spherKmeans_purity": [
        0.2895,
        0.31825,
        0.387,
        0.4635,
        0.46175,
        0.47,
        0.5075,
        0.49925,
        0.515
    ],
    "bon_sfs_tfIdf_spherKmeans_purity": [
        0.3515,
        0.48975,
        0.44975,
        0.4895,
        0.48775,
        0.5505,
        0.543,
        0.5545,
        0.57075
    ],