{
    "boaw_tf_kmeansPlus_silhouette": 0.06918548987372686,
    "boaw_tfIdf_kmeansPlus_silhouette": 0.00958680585592462,
    "boaw_tfIdfIcf_kmeansPlus_silhouette": 0.007144946327376846,
    "bon_tf_kmeansPlus_silhouette": 0.0230337896155974,
    "bon_tfIdf_kmeansPlus_silhouette": 0.008882439230581192,
    "bon_tfIdfIcf_kmeansPlus_silhouette": 0.012494526487952044,
    "bona_tf_kmeansPlus_silhouette": 0.10643718638848211,
    "bona_tfIdf_kmeansPlus_silhouette": 0.010006432420566359,
    "bona_tfIdfIcf_kmeansPlus_silhouette": 0.010366693151250597,
    "boaw_sfs_tf_kmeansPlus_silhouette": 0.0601018985760335,
    "boaw_sfs_tfIdf_kmeansPlus_silhouette": 0.006948019309298839,
    "boaw_sfs_tfIdfIcf_kmeansPlus_silhouette": -0.028110107887802074,
    "bon_sfs_tf_kmeansPlus_silhouette": 0.08065773304777793,
    "bon_sfs_tfIdf_kmeansPlus_silhouette": 0.008602691822161451,
    "bon_sfs_tfIdfIcf_kmeansPlus_silhouette": -0.0005438936511337215,
    "bona_sfs_tf_kmeansPlus_silhouette": 0.09368393064491752,
    "bona_sfs_tfIdf_kmeansPlus_silhouette": 0.008960750283817107,
    "bona_sfs_tfIdfIcf_kmeansPlus_silhouette": -0.008605150245779956,
    "boaw_tfrf_tf_kmeansPlus_silhouette": 0.04368246424693749,
    "boaw_tfrf_tfIdf_kmeansPlus_silhouette": 0.006063531689297049,
    "boaw_tfrf_tfIdfIcf_kmeansPlus_silhouette": -0.012077386412674323,
    "bon_tfrf_tf_kmeansPlus_silhouette": 0.049308223549958924,
    "bon_tfrf_tfIdf_kmeansPlus_silhouette": 0.006819510405158079,
    "bon_tfrf_tfIdfIcf_kmeansPlus_silhouette": -0.013280964304699574,
    "bona_tfrf_tf_kmeansPlus_silhouette": 0.07725312755706419,
    "bona_tfrf_tfIdf_kmeansPlus_silhouette": 0.009010999853361224,
    "bona_tfrf_tfIdfIcf_kmeansPlus_silhouette": -0.014100651513967775,
    "boaw_sr_tf_kmeansPlus_silhouette": 0.059298567689312305,
    "boaw_sr_tfIdf_kmeansPlus_silhouette": 0.0066525839565376495,
    "boaw_sr_tfIdfIcf_kmeansPlus_silhouette": -0.007624276887530769,
    "bon_sr_tf_kmeansPlus_silhouette": 0.04508360024017965,
    "bon_sr_tfIdf_kmeansPlus_silhouette": 0.008259721430083931,
    "bon_sr_tfIdfIcf_kmeansPlus_silhouette": -0.011016477946966781,
    "bona_sr_tf_kmeansPlus_silhouette": 0.02125815464600546,
    "bona_sr_tfIdf_kmeansPlus_silhouette": 0.00847253386939503,
    "bona_sr_tfIdfIcf_kmeansPlus_silhouette": -0.018311388436356525,
    "boaw_tf_spherKmeans_silhouette": -0.01233600977482799,
    "boaw_tfIdf_spherKmeans_silhouette": 0.010438883051102901,
    "boaw_tfIdfIcf_spherKmeans_silhouette": 0.001711102334947851,
    "bon_tf_spherKmeans_silhouette": -0.005994646114453977,
    "bon_tfIdf_spherKmeans_silhouette": 0.01163991976759268,
    "bon_tfIdfIcf_spherKmeans_silhouette": 0.004492972512659994,
    "bona_tf_spherKmeans_silhouette": 0.0002457370447008156,
    "bona_tfIdf_spherKmeans_silhouette": 0.01079057361294413,
    "bona_tfIdfIcf_spherKmeans_silhouette": 0.0036903698847203623,
    "boaw_sfs_tf_spherKmeans_silhouette": 0.011216284322907184,
    "boaw_sfs_tfIdf_spherKmeans_silhouette": 0.008502724286014767,
    "boaw_sfs_tfIdfIcf_spherKmeans_silhouette": -0.003305746200084502,
    "bon_sfs_tf_spherKmeans_silhouette": 0.011267897759513139,
    "bon_sfs_tfIdf_spherKmeans_silhouette": 0.010246218517687476,
    "bon_sfs_tfIdfIcf_spherKmeans_silhouette": -0.0013784332401287638,
    "bona_sfs_tf_spherKmeans_silhouette": 0.03152749013364047,
    "bona_sfs_tfIdf_spherKmeans_silhouette": 0.010377571898422248,
    "bona_sfs_tfIdfIcf_spherKmeans_silhouette": -0.0024555725639275176,
    "boaw_tfrf_tf_spherKmeans_silhouette": -0.0034564449037567746,
    "boaw_tfrf_tfIdf_spherKmeans_silhouette": 0.007792168908987698,
    "boaw_tfrf_tfIdfIcf_spherKmeans_silhouette": -0.00736213874852599,
    "bon_tfrf_tf_spherKmeans_silhouette": -0.0011490727431524332,
    "bon_tfrf_tfIdf_spherKmeans_silhouette": 0.008919241335822697,
    "bon_tfrf_tfIdfIcf_spherKmeans_silhouette": -0.0032447685403000173,
    "bona_tfrf_tf_spherKmeans_silhouette": 0.030726371650029744,
    "bona_tfrf_tfIdf_spherKmeans_silhouette": 0.009064924110823281,
    "bona_tfrf_tfIdfIcf_spherKmeans_silhouette": -0.0011135820449381258,
    "boaw_sr_tf_spherKmeans_silhouette": 0.009134562750040124,
    "boaw_sr_tfIdf_spherKmeans_silhouette": 0.008649382136573227,
    "boaw_sr_tfIdfIcf_spherKmeans_silhouette": -0.002249702308478353,
    "bon_sr_tf_spherKmeans_silhouette": 0.009167751188747861,
    "bon_sr_tfIdf_spherKmeans_silhouette": 0.010519197117196523,
    "bon_sr_tfIdfIcf_spherKmeans_silhouette": -0.000647351976517996,
    "bona_sr_tf_spherKmeans_silhouette": 0.03637282511573437,
    "bona_sr_tfIdf_spherKmeans_silhouette": 0.012762318262666689,
    "bona_sr_tfIdfIcf_spherKmeans_silhouette": -0.00027695083178127177
}