{
    "boaw_tf_kmeansPlus_silhouette": 0.06918548987372686,
    "boaw_tfIdf_kmeansPlus_silhouette": 0.00958680585592462,
    "boaw_tfIdfIcf_kmeansPlus_silhouette": 0.007144946327376846,
    "bon_tf_kmeansPlus_silhouette": 0.0230337896155974,
    "bon_tfIdf_kmeansPlus_silhouette": 0.008882439230581192,
    "bon_tfIdfIcf_kmeansPlus_silhouette": 0.012494526487952044,
    "bona_tf_kmeansPlus_silhouette": 0.10643718638848211,
    "bona_tfIdf_kmeansPlus_silhouette": 0.010006432420566359,
    "bona_tfIdfIcf_kmeansPlus_silhouette": 0.010366693151250597,
    "boaw_sfs_tf_kmeansPlus_silhouette": 0.0601018985760335,
    "boaw_sfs_tfIdf_kmeansPlus_silhouette": 0.006948019309298839,
    "boaw_sfs_tfIdfIcf_kmeansPlus_silhouette": -0.028110107887802074,
    "bon_sfs_tf_kmeansPlus_silhouette": 0.08065773304777793,
    "bon_sfs_tfIdf_kmeansPlus_silhouette": 0.008602691822161451,
    "bon_sfs_tfIdfIcf_kmeansPlus_silhouette": -0.0005438936511337215,
    "bona_sfs_tf_kmeansPlus_silhouette": 0.09368393064491752,
    "bona_sfs_tfIdf_kmeansPlus_silhouette": 0.008960750283817107,
    "bona_sfs_tfIdfIcf_kmeansPlus_silhouette": -0.008605150245779956,
    "boaw_tfrf_tf_kmeansPlus_silhouette": 0.04368246424693749,
    "boaw_tfrf_tfIdf_kmeansPlus_silhouette": 0.006063531689297049,
    "boaw_tfrf_tfIdfIcf_kmeansPlus_silhouette": -0.012077386412674323,
    "bon_tfrf_tf_kmeansPlus_silhouette": 0.049308223549958924,
    "bon_tfrf_tfIdf_kmeansPlus_silhouette": 0.006819510405158079,
    "bon_tfrf_tfIdfIcf_kmeansPlus_silhouette": -0.013280964304699574,
    "bona_tfrf_tf_kmeansPlus_silhouette": 0.07725312755706419,
    "bona_tfrf_tfIdf_kmeansPlus_silhouette": 0.009010999853361224,
    "bona_tfrf_tfIdfIcf_kmeansPlus_silhouette": -0.014100651513967775,
    "boaw_sr_tf_kmeansPlus_silhouette": 0.059298567689312305,
    "boaw_sr_tfIdf_kmeansPlus_silhouette": 0.0066525839565376495,
    "boaw_sr_tfIdfIcf_kmeansPlus_silhouette": -0.007624276887530769,
    "bon_sr_tf_kmeansPlus_silhouette": 0.04508360024017965,
    "bon_sr_tfIdf_kmeansPlus_silhouette": 0.008259721430083931,
    "bon_sr_tfIdfIcf_kmeansPlus_silhouette": -0.011016477946966781,
    "bona_sr_tf_kmeansPlus_silhouette": 0.02125815464600546,
    "bona_sr_tfIdf_kmeansPlus_silhouette": 0.00847253386939503,
    "bona_sr_tfIdfIcf_kmeansPlus_silhouette": -0.018311388436356525,
    "boaw_tf_spherKmeans_silhouette": -0.014459630613933004,
    "boaw_tfIdf_spherKmeans_silhouette": 0.00742241607884859,
    "boaw_tfIdfIcf_spherKmeans_silhouette": -0.011978224150723847,
    "bon_tf_spherKmeans_silhouette": -0.009696189473093454,
    "bon_tfIdf_spherKmeans_silhouette": 0.008136319319452195,
    "bon_tfIdfIcf_spherKmeans_silhouette": -0.01268257761640413,
    "bona_tf_spherKmeans_silhouette": -0.005039643711385874,
    "bona_tfIdf_spherKmeans_silhouette": 0.007350676483723859,
    "bona_tfIdfIcf_spherKmeans_silhouette": -0.009516130761568153,
    "boaw_sfs_tf_spherKmeans_silhouette": -0.0037690915961329213,
    "boaw_sfs_tfIdf_spherKmeans_silhouette": 0.007968789946576715,
    "boaw_sfs_tfIdfIcf_spherKmeans_silhouette": -0.019901578042287107,
    "bon_sfs_tf_spherKmeans_silhouette": 0.020994726808859072,
    "bon_sfs_tfIdf_spherKmeans_silhouette": 0.010295024706188188,
    "bon_sfs_tfIdfIcf_spherKmeans_silhouette": -0.023502789277654344,
    "bona_sfs_tf_spherKmeans_silhouette": -0.024309387088004238,
    "bona_sfs_tfIdf_spherKmeans_silhouette": 0.011017880361680108,
    "bona_sfs_tfIdfIcf_spherKmeans_silhouette": -0.02902331627679142,
    "boaw_tfrf_tf_spherKmeans_silhouette": -0.01015492299326809,
    "boaw_tfrf_tfIdf_spherKmeans_silhouette": 0.007489298590865369,
    "boaw_tfrf_tfIdfIcf_spherKmeans_silhouette": -0.02346186194529608,
    "bon_tfrf_tf_spherKmeans_silhouette": -0.013654565511670455,
    "bon_tfrf_tfIdf_spherKmeans_silhouette": 0.008809922884944732,
    "bon_tfrf_tfIdfIcf_spherKmeans_silhouette": -0.03222935319506634,
    "bona_tfrf_tf_spherKmeans_silhouette": 9.619542715257123e-05,
    "bona_tfrf_tfIdf_spherKmeans_silhouette": 0.00867742442055285,
    "bona_tfrf_tfIdfIcf_spherKmeans_silhouette": -0.041322886966857444,
    "boaw_sr_tf_spherKmeans_silhouette": -0.0020912795710678763,
    "boaw_sr_tfIdf_spherKmeans_silhouette": 0.008667599509391838,
    "boaw_sr_tfIdfIcf_spherKmeans_silhouette": -0.020312542190392545,
    "bon_sr_tf_spherKmeans_silhouette": -0.002130632374798799,
    "bon_sr_tfIdf_spherKmeans_silhouette": 0.010263353811297702,
    "bon_sr_tfIdfIcf_spherKmeans_silhouette": -0.03151739264595685,
    "bona_sr_tf_spherKmeans_silhouette": 0.010397268920585574,
    "bona_sr_tfIdf_spherKmeans_silhouette": 0.010482102921011155,
    "bona_sr_tfIdfIcf_spherKmeans_silhouette": -0.026265893044509776
}