{
    "boaw_sr_tf_kmeansPlus_silhouette": [
        0.08688602110312257,
        0.08666264585817092,
        0.058093150579879564,
        0.026156807068284826,
        0.013737463275593007,
        0.015347301245152978,
        0.010236739374924012,
        0.025323087306544603,
        0.04365324020732085
    ],
    "boaw_sr_tfIdf_kmeansPlus_silhouette": [
        0.007724376435221412,
        0.007136054414746627,
        0.0066723189686098555,
        0.007857220674582372,
        0.007966776012289286,
        0.00880483233733699,
        0.008391358556638733,
        0.008034496891045764,
        0.010066323907458083
    ],
    "boaw_sr_tfIdfIcf_kmeansPlus_silhouette": [
        -0.004175213429305592,
        -0.010761221499986939,
        -0.013737953103840185,
        -0.005280671900899721,
        -0.01359699362205043,
        -0.00667454732315369,
        -0.005935261485097336,
        -0.00857799737774753,
        -0.008995469502585096
    ],
    "bon_sr_tf_kmeansPlus_silhouette": [
        0.08854916809848024,
        0.09407801549367822,
        0.06429099089141098,
        0.06637201097087303,
        0.06400341555923299,
        0.06421518907662323,
        0.05719614003158057,
        0.03856047506713397,
        0.03665513085848735
    ],
    "bon_sr_tfIdf_kmeansPlus_silhouette": [
        0.00886994614598738,
        0.008295680119563102,
        0.008091163240837428,
        0.009678938763896354,
        0.009556372550290885,
        0.009948776751893245,
        0.010824000239395538,
        0.011148356198205462,
        0.011305780255494374
    ],
    "bon_sr_tfIdfIcf_kmeansPlus_silhouette": [
        -0.005773795775766915,
        -0.009471222205961197,
        -0.009198111794340057,
        -0.01150096754786569,
        -0.017193986675115333,
        -0.008428070800175783,
        -0.004761439883573784,
        -0.011531618845116665,
        -0.007728659865596854
    ],
    "bona_sr_tf_kmeansPlus_silhouette": [
        0.09533259622636515,
        0.09852188773805065,
        0.09903547596518357,
        0.024559217145127564,
        0.035848666235488394,
        0.0378861604028378,
        0.06078635877540601,
        0.061133126064825835,
        0.04299434316946738
    ],
    "bona_sr_tfIdf_kmeansPlus_silhouette": [
        0.008800735813616362,
        0.0092942481631825,
        0.011042011611626318,
        0.010921237233518823,
        0.01084378981372217,
        0.011270925966915618,
        0.0115012696441196,
        0.011244632184078498,
        0.012457490612246552
    ],
    "bona_sr_tfIdfIcf_kmeansPlus_silhouette": [
        0.002334145832378841,
        -0.00261651825707286,
        -0.008427120322693991,
        -0.010609783432225853,
        -0.007969790916905266,
        -0.0058853766015991675,
        -0.004589085396451228,
        -0.006692021160393717,
        -0.008111824156686834
    ],
    "boaw_sfs_tf_kmeansPlus_silhouette": [
        0.08030938368848066,
        0.08008567947187038,
        0.05580261470102833,
        0.053342361643390915,
        0.019070172584421043,
        0.04018056247574848,
        0.04322463290887462,
        0.04888915985231702,
        0.031868122721998765
    ],
    "boaw_sfs_tfIdf_kmeansPlus_silhouette": [
        0.00789171522392537,
        0.006808393864714463,
        0.006976876361651982,
        0.00707270374216208,
        0.00792024211251599,
        0.008134515687011788,
        0.00797167559315015,
        0.008563960283956437,
        0.008654922796402745
    ],
    "boaw_sfs_tfIdfIcf_kmeansPlus_silhouette": [
        0.004909912822730291,
        -0.0092007562938808,
        -0.0055048892142638955,
        -0.004144833242950526,
        -0.008390821229678751,
        0.0015491833451198608,
        -0.007346875265187036,
        -0.005387792321333906,
        -0.0032968736870570003
    ],
    "bon_sfs_tf_kmeansPlus_silhouette": [
        0.08661203695282826,
        0.09149277406365025,
        0.0635708334853768,
        0.058932736331587424,
        0.0606068591089291,
        0.021529518287133863,
        0.02397839573245248,
        0.06302434346410656,
        0.0569369352810413
    ],
    "bon_sfs_tfIdf_kmeansPlus_silhouette": [
        0.008369187327259737,
        0.008481995806482224,
        0.008404071225922233,
        0.009434921341165107,
        0.009812710518950595,
        0.01035105124938875,
        0.010181873665103655,
        0.010942508529513305,
        0.012403698304310304
    ],
    "bon_sfs_tfIdfIcf_kmeansPlus_silhouette": [
        0.0005634397781123775,
        -0.008739748211570609,
        -0.013775866873859517,
        -0.0079942553305466,
        -0.011116509546500867,
        -0.007485849741819991,
        -0.00707339036249806,
        -0.0062877381077551765,
        -0.004683684212872691
    ],
    "bona_sfs_tf_kmeansPlus_silhouette": [
        0.09204087876936334,
        0.09347880271606263,
        0.09385618207480752,
        0.020562266562500757,
        0.01851540034701417,
        0.026826087442015596,
        0.04824133355971389,
        0.06365669364603456,
        0.02492581456297241
    ],
    "bona_sfs_tfIdf_kmeansPlus_silhouette": [
        0.008454778092020195,
        0.00819161297233584,
        0.008531882397142275,
        0.010348689465068691,
        0.010344160804303882,
        0.010928814188264024,
        0.010748081439160225,
        0.01103278150197729,
        0.011370716771856214
    ],
    "bona_sfs_tfIdfIcf_kmeansPlus_silhouette": [
        -6.806426903414376e-06,
        -0.004690502730449448,
        -0.012617543297841401,
        -0.008116298679169957,
        -0.006118582865378947,
        -0.004369448260901724,
        -0.006220372311295966,
        -0.01585978782038341,
        -0.0070777243034696215
    ],
    "boaw_tfrf_tf_kmeansPlus_silhouette": [
        0.07498542289604596,
        0.07557910121622906,
        0.044413964240244845,
        0.0438253674200398,
        0.020045958512884737,
        -0.0031598052937707633,
        0.037857127097147,
        -0.006010894021106443,
        0.011191710939032583
    ],
    "boaw_tfrf_tfIdf_kmeansPlus_silhouette": [
        0.0077203611134471035,
        0.00599218350316494,
        0.00687747428091732,
        0.006207222051970633,
        0.006880130427181083,
        0.006603806601762415,
        0.007399297647410135,
        0.006716507230371071,
        0.00795768984926428
    ],
    "boaw_tfrf_tfIdfIcf_kmeansPlus_silhouette": [
        0.005850288875029359,
        -0.015272159634596657,
        -0.0058277136395617326,
        -0.00914828391916244,
        -0.010417866943689638,
        -0.015309664135556879,
        -0.011024046459536911,
        -0.014818267442918977,
        -0.014131359494600254
    ],
    "bon_tfrf_tf_kmeansPlus_silhouette": [
        0.0806552118806206,
        0.08507108169586132,
        0.03384830809627818,
        0.04832134632108692,
        0.0504690965134902,
        0.04926527830209523,
        0.05066893881219973,
        0.05611388804127266,
        0.03904620402425238
    ],
    "bon_tfrf_tfIdf_kmeansPlus_silhouette": [
        0.007788732885473167,
        0.007406634371143448,
        0.007026995076216063,
        0.008404036157636035,
        0.008245871321765432,
        0.008612034774397216,
        0.008444078407169636,
        0.009321023613003725,
        0.009889288456704462
    ],
    "bon_tfrf_tfIdfIcf_kmeansPlus_silhouette": [
        -0.0008815446977962243,
        0.0040668004011442304,
        -0.009119016725083669,
        -0.009851899980619763,
        -0.008389308593853563,
        -0.012352979262247026,
        -0.01165321817970394,
        -0.010670757082472448,
        -0.003510516946417729
    ],