{
    "boaw_sr_tf_kmeansPlus_silhouette": 0.08679303776372375,
    "boaw_sr_tfIdf_kmeansPlus_silhouette": 0.00684502515786229,
    "boaw_sr_tfIdfIcf_kmeansPlus_silhouette": -0.008800593045008432,
    "bon_sr_tf_kmeansPlus_silhouette": 0.09617857832212075,
    "bon_sr_tfIdf_kmeansPlus_silhouette": 0.008190324420686916,
    "bon_sr_tfIdfIcf_kmeansPlus_silhouette": -0.010624460623878755,
    "bona_sr_tf_kmeansPlus_silhouette": 0.09900051614601167,
    "bona_sr_tfIdf_kmeansPlus_silhouette": 0.00874210372033804,
    "bona_sr_tfIdfIcf_kmeansPlus_silhouette": -0.009775533357677066,
    "boaw_sfs_tf_kmeansPlus_silhouette": 0.06613469698636852,
    "boaw_sfs_tfIdf_kmeansPlus_silhouette": 0.006980605092344144,
    "boaw_sfs_tfIdfIcf_kmeansPlus_silhouette": -0.009762112612469767,
    "bon_sfs_tf_kmeansPlus_silhouette": 0.09349090739866507,
    "bon_sfs_tfIdf_kmeansPlus_silhouette": 0.008370762067586668,
    "bon_sfs_tfIdfIcf_kmeansPlus_silhouette": -0.008774543106913389,
    "bona_sfs_tf_kmeansPlus_silhouette": 0.09423512633816399,
    "bona_sfs_tfIdf_kmeansPlus_silhouette": 0.008949963293816083,
    "bona_sfs_tfIdfIcf_kmeansPlus_silhouette": -0.016582853983590162,
    "boaw_tfrf_tf_kmeansPlus_silhouette": 0.04382834988916092,
    "boaw_tfrf_tfIdf_kmeansPlus_silhouette": 0.006707242436529681,
    "boaw_tfrf_tfIdfIcf_kmeansPlus_silhouette": -0.02930345512114179,
    "bon_tfrf_tf_kmeansPlus_silhouette": 0.08613232188958404,
    "bon_tfrf_tfIdf_kmeansPlus_silhouette": 0.007908284114383182,
    "bon_tfrf_tfIdfIcf_kmeansPlus_silhouette": -0.015360917763750398,
    "bona_tfrf_tf_kmeansPlus_silhouette": 0.08857435152553106,
    "bona_tfrf_tfIdf_kmeansPlus_silhouette": 0.007451357530695689,
    "bona_tfrf_tfIdfIcf_kmeansPlus_silhouette": -0.011227918085969261,
    "boaw_sr_tf_spherKmeans_silhouette": -0.0024476126508305596,
    "boaw_sr_tfIdf_spherKmeans_silhouette": 0.008352757572741695,
    "boaw_sr_tfIdfIcf_spherKmeans_silhouette": -0.02160394692597203,
    "bon_sr_tf_spherKmeans_silhouette": 3.535609711813903e-05,
    "bon_sr_tfIdf_spherKmeans_silhouette": 0.00999870236809251,
    "bon_sr_tfIdfIcf_spherKmeans_silhouette": -0.030588728358396742,
    "bona_sr_tf_spherKmeans_silhouette": 0.008568285269679293,
    "bona_sr_tfIdf_spherKmeans_silhouette": 0.011461218256914677,
    "bona_sr_tfIdfIcf_spherKmeans_silhouette": -0.02436804460373201,
    "boaw_sfs_tf_spherKmeans_silhouette": -0.005814939589459897,
    "boaw_sfs_tfIdf_spherKmeans_silhouette": 0.007678712301400126,
    "boaw_sfs_tfIdfIcf_spherKmeans_silhouette": -0.019908124166456244,
    "bon_sfs_tf_spherKmeans_silhouette": 0.017016234216083965,
    "bon_sfs_tfIdf_spherKmeans_silhouette": 0.01032643309773157,
    "bon_sfs_tfIdfIcf_spherKmeans_silhouette": -0.023925874915334003,
    "bona_sfs_tf_spherKmeans_silhouette": 0.002717767035551316,
    "bona_sfs_tfIdf_spherKmeans_silhouette": 0.010537437996336356,
    "bona_sfs_tfIdfIcf_spherKmeans_silhouette": -0.02345006721188322,
    "boaw_tfrf_tf_spherKmeans_silhouette": -0.003906468996440165,
    "boaw_tfrf_tfIdf_spherKmeans_silhouette": 0.007288626672525826,
    "boaw_tfrf_tfIdfIcf_spherKmeans_silhouette": -0.024791684356682754,
    "bon_tfrf_tf_spherKmeans_silhouette": -0.01381407120306052,
    "bon_tfrf_tfIdf_spherKmeans_silhouette": 0.008822721720909869,
    "bon_tfrf_tfIdfIcf_spherKmeans_silhouette": -0.03079996330360766,
    "bona_tfrf_tf_spherKmeans_silhouette": -0.0002295863413170236,
    "bona_tfrf_tfIdf_spherKmeans_silhouette": 0.009044501499789076,
    "bona_tfrf_tfIdfIcf_spherKmeans_silhouette": -0.03870061973892814
}