{
    "boaw_sr_tf_kmeansPlus_silhouette": [
        0.08581796844119839,
        0.08651122538543692,
        0.05643198948372832,
        0.023893901053648633,
        0.04351711179956265,
        0.04789262418802264,
        0.008601455363997047,
        0.006012805305268816,
        -0.0031574408371455383
    ],
    "boaw_sr_tfIdf_kmeansPlus_silhouette": [
        0.007724376435221412,
        0.007430828984851166,
        0.00675393463097777,
        0.007390900547815835,
        0.007404355967126027,
        0.008025640556619458,
        0.00811397490184959,
        0.008943698604996695,
        0.00992822737187008
    ],
    "boaw_sr_tfIdfIcf_kmeansPlus_silhouette": [
        0.0022196714203761383,
        -0.011698804549436236,
        -0.005515133809430238,
        -0.011837888218934873,
        -0.0061178264619262766,
        -0.004346704082587622,
        -0.007473204994739706,
        -0.0241865299211761,
        -0.0008762503874700969
    ],
    "bon_sr_tf_kmeansPlus_silhouette": [
        0.08854916809848024,
        0.09407801549367822,
        0.06030563397747124,
        0.06597140866932315,
        0.06509657807368652,
        0.06376924695819482,
        0.01797277158313713,
        0.05766289973162135,
        0.037547354502098215
    ],
    "bon_sr_tfIdf_kmeansPlus_silhouette": [
        0.009112844703601792,
        0.008392635485075765,
        0.008081174313156577,
        0.009488917140008279,
        0.009645509786021753,
        0.009879440564932628,
        0.010244043950883122,
        0.01128464221488004,
        0.01159966195380262
    ],
    "bon_sr_tfIdfIcf_kmeansPlus_silhouette": [
        -0.0007139703766401737,
        -0.0019014370509823192,
        -0.009967256066271515,
        -0.01044469060069044,
        -0.014843206177303269,
        -0.008224441879154292,
        -0.004327154562174938,
        -0.003991966457422659,
        -0.012781259443800312
    ],
    "bona_sr_tf_kmeansPlus_silhouette": [
        0.09517577894664109,
        0.09852188773805065,
        0.09900051614601167,
        0.0686504371713341,
        0.02318105875454132,
        0.037437020156799825,
        0.023979765042750883,
        0.031835366646620296,
        0.018410294174018623
    ],
    "bona_sr_tfIdf_kmeansPlus_silhouette": [
        0.008800735813616362,
        0.009275273380014654,
        0.01107282057519755,
        0.01103597164631153,
        0.011105680461310169,
        0.011284840879997477,
        0.010890566727325865,
        0.011443804590189642,
        0.013520347259496081
    ],
    "bona_sr_tfIdfIcf_kmeansPlus_silhouette": [
        -0.0074772605183693166,
        -0.00938993134469657,
        -0.009277380248234402,
        -0.007767565995043823,
        -0.005597235190064231,
        -0.010576458658034292,
        -0.015316523371318965,
        -0.0048744243117234765,
        -0.011180129605002616
    ],
    "boaw_sfs_tf_kmeansPlus_silhouette": [
        0.0809786849282409,
        0.08008567947187038,
        0.057431727861311135,
        0.019001168058439117,
        0.018902496653229187,
        -0.003289178077579216,
        0.0400165605342853,
        0.02717356325983193,
        -0.002490734051571974
    ],
    "boaw_sfs_tfIdf_kmeansPlus_silhouette": [
        0.007888995188193729,
        0.006621748987945307,
        0.0069352495424197394,
        0.0070835587437567725,
        0.008077711539855766,
        0.007580467296545083,
        0.00765409135602413,
        0.0077702153935544265,
        0.009506408899824653
    ],
    "boaw_sfs_tfIdfIcf_kmeansPlus_silhouette": [
        0.004281631764170493,
        -0.009121263768330513,
        -0.002153523518803857,
        -0.009302452475478609,
        -0.016417473205895507,
        -0.00750332548450816,
        -0.005194750856153528,
        -0.007507524242132094,
        -0.0061399250251400915
    ],
    "bon_sfs_tf_kmeansPlus_silhouette": [
        0.08676828486055473,
        0.09191890517356952,
        0.06335792439292691,
        0.0814689012021716,
        0.06227257874260856,
        0.05956828361737281,
        0.05564864400096839,
        0.058328098349858686,
        0.03827123018470185
    ],
    "bon_sfs_tfIdf_kmeansPlus_silhouette": [
        0.008500067985997674,
        0.008480871405331086,
        0.008159608754641357,
        0.009347599024846288,
        0.00952104896703937,
        0.010582803255209921,
        0.009735990665207186,
        0.010665756824311487,
        0.009742531916140478
    ],
    "bon_sfs_tfIdfIcf_kmeansPlus_silhouette": [
        0.0010442850255578415,
        -0.008342096420679911,
        -0.005851484497426764,
        -0.006561286175359257,
        -0.010402451234465152,
        -0.004063984650155898,
        -0.011666503100541036,
        -0.0005352009724726388,
        -0.004010653600281622
    ],
    "bona_sfs_tf_kmeansPlus_silhouette": [
        0.09204087876936334,
        0.09347880271606263,
        0.0935273397291012,
        0.028631396023910974,
        0.016475053015077325,
        0.055918518814705595,
        0.02920031483416972,
        0.0309717328865801,
        0.021866883964351554
    ],
    "bona_sfs_tfIdf_kmeansPlus_silhouette": [
        0.008420873410661363,
        0.008252590106225003,
        0.00859567405757425,
        0.00892799258666574,
        0.010188973688445924,
        0.010964122984421561,
        0.010596835843674523,
        0.012372501810585112,
        0.011715432150996324
    ],
    "bona_sfs_tfIdfIcf_kmeansPlus_silhouette": [
        -0.009018431107703744,
        -0.010757890615900751,
        -0.012124024594615267,
        -0.00968004751188167,
        -0.006020361961848968,
        -0.011729092783210987,
        -0.010814919745944526,
        -0.007490256912092657,
        -0.014874735230818092
    ],
    "boaw_tfrf_tf_kmeansPlus_silhouette": [
        0.07498542289604596,
        0.0758813414753752,
        0.04384904992157558,
        0.04405527855528742,
        0.04710274767385029,
        0.01819610760278226,
        0.007029004692349708,
        0.006527657575396852,
        0.0030090072537043476
    ],
    "boaw_tfrf_tfIdf_kmeansPlus_silhouette": [
        0.006253816778216546,
        0.0058062383353627125,
        0.005199348574167209,
        0.006309504748313448,
        0.006843244136639688,
        0.007213674119630355,
        0.0077911219093022436,
        0.0072128124203605995,
        0.008871640720022538
    ],
    "boaw_tfrf_tfIdfIcf_kmeansPlus_silhouette": [
        -0.0020496099046941217,
        -0.0007465446449661996,
        -0.014001947319359729,
        -0.01528586682811535,
        -0.008846331553664427,
        -0.03255335802669928,
        -0.013604349446756345,
        -0.007858851753863897,
        -0.012782082908629325
    ],
    "bon_tfrf_tf_kmeansPlus_silhouette": [
        0.07898996898296687,
        0.08505834964064438,
        0.04938117342761408,
        0.0486870120113556,
        0.0245383771280635,
        0.047223345501726306,
        0.051305918384402585,
        0.05052710329941946,
        0.021637316111610554
    ],
    "bon_tfrf_tfIdf_kmeansPlus_silhouette": [
        0.007643453573683229,
        0.007208331173687341,
        0.006887910189039647,
        0.006816419106904293,
        0.008441228468399632,
        0.008796237735251742,
        0.009016354931039302,
        0.00968108457563257,
        0.009437066914981387
    ],
    "bon_tfrf_tfIdfIcf_kmeansPlus_silhouette": [
        0.0008745696458333931,
        -0.018192171997210647,
        -0.016483995211064365,
        -0.007618244019908552,
        -0.012427738134991224,
        0.00018338089643769818,
        -0.059802106350551824,
        -0.011275747030816366,
        -0.010601047325686983
    ],