{
    "boaw_tf_kmeansPlus_silhouette": 0.30215004241046417,
    "boaw_tfIdf_kmeansPlus_silhouette": 0.5237782452110373,
    "boaw_tfIdfIcf_kmeansPlus_silhouette": 0.4729680839000822,
    "bon_tf_kmeansPlus_silhouette": 0.3451398993751026,
    "bon_tfIdf_kmeansPlus_silhouette": 0.32469913190794936,
    "bon_tfIdfIcf_kmeansPlus_silhouette": 0.5293452001504216,
    "bona_tf_kmeansPlus_silhouette": 0.3117046600785546,
    "bona_tfIdf_kmeansPlus_silhouette": 0.5094620899231049,
    "bona_tfIdfIcf_kmeansPlus_silhouette": 0.3656030299554688,
    "boaw_sfs_tf_kmeansPlus_silhouette": 0.3924350057091861,
    "boaw_sfs_tfIdf_kmeansPlus_silhouette": 0.3228060404229864,
    "boaw_sfs_tfIdfIcf_kmeansPlus_silhouette": -0.15571542843819697,
    "bon_sfs_tf_kmeansPlus_silhouette": 0.4311945655908371,
    "bon_sfs_tfIdf_kmeansPlus_silhouette": 0.285375161929213,
    "bon_sfs_tfIdfIcf_kmeansPlus_silhouette": -0.17687285283370988,
    "bona_sfs_tf_kmeansPlus_silhouette": 0.23309126646197303,
    "bona_sfs_tfIdf_kmeansPlus_silhouette": 0.20847305573973315,
    "bona_sfs_tfIdfIcf_kmeansPlus_silhouette": 0.2846588524174196,
    "boaw_tfrf_tf_kmeansPlus_silhouette": 0.3063897327671857,
    "boaw_tfrf_tfIdf_kmeansPlus_silhouette": 0.23952940696570196,
    "boaw_tfrf_tfIdfIcf_kmeansPlus_silhouette": 0.37173970402001283,
    "bon_tfrf_tf_kmeansPlus_silhouette": 0.32589859307303726,
    "bon_tfrf_tfIdf_kmeansPlus_silhouette": 0.3979219324572218,
    "bon_tfrf_tfIdfIcf_kmeansPlus_silhouette": 0.2719030323803647,
    "bona_tfrf_tf_kmeansPlus_silhouette": 0.4474999158778255,
    "bona_tfrf_tfIdf_kmeansPlus_silhouette": 0.3516651604790505,
    "bona_tfrf_tfIdfIcf_kmeansPlus_silhouette": 0.3363697486762228,
    "boaw_sr_tf_kmeansPlus_silhouette": 0.3345197325858474,
    "boaw_sr_tfIdf_kmeansPlus_silhouette": 0.32773188444188317,
    "boaw_sr_tfIdfIcf_kmeansPlus_silhouette": 0.3679196024625948,
    "bon_sr_tf_kmeansPlus_silhouette": 0.2912591791264579,
    "bon_sr_tfIdf_kmeansPlus_silhouette": 0.33695534415751305,
    "bon_sr_tfIdfIcf_kmeansPlus_silhouette": 0.2691228013270438,
    "bona_sr_tf_kmeansPlus_silhouette": 0.5632429258957778,
    "bona_sr_tfIdf_kmeansPlus_silhouette": 0.42435236567290874,
    "bona_sr_tfIdfIcf_kmeansPlus_silhouette": -0.043370838923114705,
    "boaw_tf_spherKmeans_silhouette": 0.1498578170087158,
    "boaw_tfIdf_spherKmeans_silhouette": 0.47174566232667725,
    "boaw_tfIdfIcf_spherKmeans_silhouette": 0.537394167389737,
    "bon_tf_spherKmeans_silhouette": 0.15891828498642618,
    "bon_tfIdf_spherKmeans_silhouette": 0.473712322625449,
    "bon_tfIdfIcf_spherKmeans_silhouette": 0.504894342741418,
    "bona_tf_spherKmeans_silhouette": 0.17870308504514204,
    "bona_tfIdf_spherKmeans_silhouette": 0.443617646791776,
    "bona_tfIdfIcf_spherKmeans_silhouette": 0.5296981800475473,
    "boaw_sfs_tf_spherKmeans_silhouette": 0.17756985556150034,
    "boaw_sfs_tfIdf_spherKmeans_silhouette": 0.26515809384937006,
    "boaw_sfs_tfIdfIcf_spherKmeans_silhouette": 0.29915901750173624,
    "bon_sfs_tf_spherKmeans_silhouette": 0.17656741821569732,
    "bon_sfs_tfIdf_spherKmeans_silhouette": 0.21812050056013316,
    "bon_sfs_tfIdfIcf_spherKmeans_silhouette": 0.2493933079073082,
    "bona_sfs_tf_spherKmeans_silhouette": 0.24995127746700047,
    "bona_sfs_tfIdf_spherKmeans_silhouette": 0.16242609318640752,
    "bona_sfs_tfIdfIcf_spherKmeans_silhouette": 0.26085307436670957,
    "boaw_tfrf_tf_spherKmeans_silhouette": 0.17899811611699898,
    "boaw_tfrf_tfIdf_spherKmeans_silhouette": 0.263251625028479,
    "boaw_tfrf_tfIdfIcf_spherKmeans_silhouette": 0.25652676868992075,
    "bon_tfrf_tf_spherKmeans_silhouette": 0.16523445823966545,
    "bon_tfrf_tfIdf_spherKmeans_silhouette": 0.2957940843323588,
    "bon_tfrf_tfIdfIcf_spherKmeans_silhouette": 0.2793889699381871,
    "bona_tfrf_tf_spherKmeans_silhouette": 0.24395359080568005,
    "bona_tfrf_tfIdf_spherKmeans_silhouette": 0.31977865370853603,
    "bona_tfrf_tfIdfIcf_spherKmeans_silhouette": 0.28145299904919624,
    "boaw_sr_tf_spherKmeans_silhouette": 0.18184640423136528,
    "boaw_sr_tfIdf_spherKmeans_silhouette": 0.25342143783788607,
    "boaw_sr_tfIdfIcf_spherKmeans_silhouette": 0.2603128906565152,
    "bon_sr_tf_spherKmeans_silhouette": 0.1734693801932012,
    "bon_sr_tfIdf_spherKmeans_silhouette": 0.23778851446498808,
    "bon_sr_tfIdfIcf_spherKmeans_silhouette": 0.2546726989898439,
    "bona_sr_tf_spherKmeans_silhouette": 0.245846500638118,
    "bona_sr_tfIdf_spherKmeans_silhouette": 0.273000657106979,
    "bona_sr_tfIdfIcf_spherKmeans_silhouette": 0.2681202868500986
}