{
    "boaw_tf_kmeansPlus_silhouette": 0.06918548987372686,
    "boaw_tfIdf_kmeansPlus_silhouette": 0.00958680585592462,
    "boaw_tfIdfIcf_kmeansPlus_silhouette": 0.007144946327376846,
    "bon_tf_kmeansPlus_silhouette": 0.0230337896155974,
    "bon_tfIdf_kmeansPlus_silhouette": 0.008882439230581192,
    "bon_tfIdfIcf_kmeansPlus_silhouette": 0.012494526487952044,
    "bona_tf_kmeansPlus_silhouette": 0.10643718638848211,
    "bona_tfIdf_kmeansPlus_silhouette": 0.010006432420566359,
    "bona_tfIdfIcf_kmeansPlus_silhouette": 0.010366693151250597,
    "boaw_sfs_tf_kmeansPlus_silhouette": 0.0601018985760335,
    "boaw_sfs_tfIdf_kmeansPlus_silhouette": 0.006948019309298839,
    "boaw_sfs_tfIdfIcf_kmeansPlus_silhouette": -0.028110107887802074,
    "bon_sfs_tf_kmeansPlus_silhouette": 0.08065773304777793,
    "bon_sfs_tfIdf_kmeansPlus_silhouette": 0.008602691822161451,
    "bon_sfs_tfIdfIcf_kmeansPlus_silhouette": -0.0005438936511337215,
    "bona_sfs_tf_kmeansPlus_silhouette": 0.09368393064491752,
    "bona_sfs_tfIdf_kmeansPlus_silhouette": 0.008960750283817107,
    "bona_sfs_tfIdfIcf_kmeansPlus_silhouette": -0.008605150245779956,
    "boaw_tfrf_tf_kmeansPlus_silhouette": 0.04368246424693749,
    "boaw_tfrf_tfIdf_kmeansPlus_silhouette": 0.006063531689297049,
    "boaw_tfrf_tfIdfIcf_kmeansPlus_silhouette": -0.012077386412674323,
    "bon_tfrf_tf_kmeansPlus_silhouette": 0.049308223549958924,
    "bon_tfrf_tfIdf_kmeansPlus_silhouette": 0.006819510405158079,
    "bon_tfrf_tfIdfIcf_kmeansPlus_silhouette": -0.013280964304699574,
    "bona_tfrf_tf_kmeansPlus_silhouette": 0.07725312755706419,
    "bona_tfrf_tfIdf_kmeansPlus_silhouette": 0.009010999853361224,
    "bona_tfrf_tfIdfIcf_kmeansPlus_silhouette": -0.014100651513967775,
    "boaw_sr_tf_kmeansPlus_silhouette": 0.059298567689312305,
    "boaw_sr_tfIdf_kmeansPlus_silhouette": 0.0066525839565376495,
    "boaw_sr_tfIdfIcf_kmeansPlus_silhouette": -0.007624276887530769,
    "bon_sr_tf_kmeansPlus_silhouette": 0.04508360024017965,
    "bon_sr_tfIdf_kmeansPlus_silhouette": 0.008259721430083931,
    "bon_sr_tfIdfIcf_kmeansPlus_silhouette": -0.011016477946966781,
    "bona_sr_tf_kmeansPlus_silhouette": 0.02125815464600546,
    "bona_sr_tfIdf_kmeansPlus_silhouette": 0.00847253386939503,
    "bona_sr_tfIdfIcf_kmeansPlus_silhouette": -0.018311388436356525,
    "boaw_tf_spherKmeans_silhouette": -0.014712891206177818,
    "boaw_tfIdf_spherKmeans_silhouette": 0.008217551853027768,
    "boaw_tfIdfIcf_spherKmeans_silhouette": 0.0023837751214650666,
    "bon_tf_spherKmeans_silhouette": -0.012298306618343744,
    "bon_tfIdf_spherKmeans_silhouette": 0.00909659267308304,
    "bon_tfIdfIcf_spherKmeans_silhouette": 0.0034532560169773722,
    "bona_tf_spherKmeans_silhouette": -0.01296660754343308,
    "bona_tfIdf_spherKmeans_silhouette": 0.00823789712174711,
    "bona_tfIdfIcf_spherKmeans_silhouette": 0.0020307366638946025,
    "boaw_sfs_tf_spherKmeans_silhouette": -0.0014937364191930827,
    "boaw_sfs_tfIdf_spherKmeans_silhouette": 0.009590703780913827,
    "boaw_sfs_tfIdfIcf_spherKmeans_silhouette": -0.0020922294908045547,
    "bon_sfs_tf_spherKmeans_silhouette": 0.015012938522761995,
    "bon_sfs_tfIdf_spherKmeans_silhouette": 0.012520568852777353,
    "bon_sfs_tfIdfIcf_spherKmeans_silhouette": 0.002450150287590057,
    "bona_sfs_tf_spherKmeans_silhouette": -0.021755075764423176,
    "bona_sfs_tfIdf_spherKmeans_silhouette": 0.012829694822480036,
    "bona_sfs_tfIdfIcf_spherKmeans_silhouette": -0.004314489440422852,
    "boaw_tfrf_tf_spherKmeans_silhouette": -0.010821392930383889,
    "boaw_tfrf_tfIdf_spherKmeans_silhouette": 0.008874976737666341,
    "boaw_tfrf_tfIdfIcf_spherKmeans_silhouette": -0.003251335087059816,
    "bon_tfrf_tf_spherKmeans_silhouette": -0.006294628878066114,
    "bon_tfrf_tfIdf_spherKmeans_silhouette": 0.011039736115070267,
    "bon_tfrf_tfIdfIcf_spherKmeans_silhouette": -0.003968642635774133,
    "bona_tfrf_tf_spherKmeans_silhouette": 0.00033138346314216273,
    "bona_tfrf_tfIdf_spherKmeans_silhouette": 0.010846054239055259,
    "bona_tfrf_tfIdfIcf_spherKmeans_silhouette": -0.019326384735130098,
    "boaw_sr_tf_spherKmeans_silhouette": -0.003362722559428054,
    "boaw_sr_tfIdf_spherKmeans_silhouette": 0.010358478186498444,
    "boaw_sr_tfIdfIcf_spherKmeans_silhouette": 0.00016869441783268346,
    "bon_sr_tf_spherKmeans_silhouette": 0.002319252707950301,
    "bon_sr_tfIdf_spherKmeans_silhouette": 0.012932081581806209,
    "bon_sr_tfIdfIcf_spherKmeans_silhouette": 0.00011215755643263137,
    "bona_sr_tf_spherKmeans_silhouette": 0.006448020330079432,
    "bona_sr_tfIdf_spherKmeans_silhouette": 0.013060582165709872,
    "bona_sr_tfIdfIcf_spherKmeans_silhouette": 0.0009931399160658869
}